policy,seed,dow,month,days_prior,price,selling_limit,accepted,show_ups,revenue
Planner,4,6,12,99,120.0,15000.0,103.91559703349813,75.66499209580246,12469.871644019775
Planner,4,6,12,98,120.0,15000.0,77.47462674569138,131.6509254977766,21766.82685350274
Planner,4,6,12,97,120.0,15000.0,86.58348342330254,194.41815092360832,32156.84486429904
Planner,4,6,12,96,120.0,15000.0,78.70569107771857,251.60927691801578,41601.52779362527
Planner,4,6,12,95,120.0,15000.0,94.2595905792154,321.3399430238499,52912.67866313111
Planner,4,6,12,94,120.0,15000.0,94.90970336109098,390.7043597294169,64301.843066462025
Planner,4,6,12,93,120.0,15000.0,80.80232705134236,451.09218192966114,73998.1223126231
Planner,4,6,12,92,120.0,15000.0,78.18004400809576,508.7881339902308,83379.7275935946
Planner,4,6,12,91,120.0,15000.0,90.86597588077137,574.2014818242087,94283.64469928716
Planner,4,6,12,90,120.0,15000.0,89.34931197511872,638.7858234189866,105005.5621363014
Planner,4,6,12,89,120.0,15000.0,97.6411048005429,709.9847064008302,116722.49471236655
Planner,4,6,12,88,120.0,15000.0,106.66333998729529,786.0122327333793,129522.09551084199
Planner,4,6,12,87,120.0,15000.0,96.08117958228006,855.5039742646317,141051.8370607156
Planner,4,6,12,86,120.0,15000.0,102.31280207927135,928.3015440679014,153329.37331022817
Planner,4,6,12,85,120.0,15000.0,94.42169460414549,997.7728102619068,164659.97666272562
Planner,4,6,12,84,120.0,15000.0,87.4535054712978,1062.8228581609462,175154.39731928136
Planner,4,6,12,83,120.0,15000.0,100.75736157621579,1137.8779840346667,187245.28070842725
Planner,4,6,12,82,120.0,15000.0,107.00113301266471,1215.6556083777252,200085.416669947
Planner,4,6,12,81,120.0,15000.0,93.2175603807245,1284.2100070317786,211271.52391563394
Planner,4,6,12,80,120.0,15000.0,105.58360425154589,1362.9966849869882,223941.55642581944
Planner,4,6,12,79,120.0,15000.0,96.69425539607676,1433.908173840077,235544.86707334864
Planner,4,6,12,78,120.0,15000.0,95.989151040414,1504.4143311693765,247063.5651981983
Planner,4,6,12,77,120.0,15000.0,101.49199405580048,1579.501716415788,259242.60448489437
Planner,4,6,12,76,120.0,15000.0,121.01144066796468,1668.709083337907,273763.9773650501
Planner,4,6,12,75,120.0,15000.0,102.23672998374921,1745.1077594422013,286032.3849631
Planner,4,6,12,74,120.0,15000.0,96.92193239542358,1816.8728568174386,297663.01685055083
Planner,4,6,12,73,120.0,15000.0,105.23254565483629,1896.0151482836097,310290.92232913116
Planner,4,6,12,72,120.0,15000.0,94.59787893557413,1967.7525688061153,321642.66780140006
Planner,4,6,12,71,120.0,15000.0,102.30633887833535,2044.3263894106299,333919.4284668003
Planner,4,6,12,70,120.0,15000.0,111.90270423702427,2128.6982195638157,347347.7529752432
Planner,4,6,12,69,120.0,15000.0,115.97215410195355,2215.7358778884313,361264.4114674776
Planner,4,6,12,68,120.0,15000.0,109.37005898136802,2298.073631100189,374388.8185452418
Planner,4,6,12,67,120.0,15000.0,101.56124268687138,2375.4514476887666,386576.16766766633
Planner,4,6,12,66,120.0,15000.0,104.49743483583921,2452.757497932687,399115.85984796705
Planner,4,6,12,65,120.0,15000.0,127.15179507247566,2548.3399588361517,414374.07525666413
Planner,4,6,12,64,120.0,15000.0,101.26752584632786,2626.352901519774,426526.17835822346
Planner,4,6,12,63,120.0,15000.0,109.35997333428108,2709.975183003771,439649.3751583372
Planner,4,6,12,62,120.0,15000.0,105.36176454290208,2789.4023857982916,452292.7869034854
Planner,4,6,12,61,120.0,15000.0,98.4991216365458,2862.1569948426472,464112.6814998709
Planner,4,6,12,60,120.0,15000.0,123.63129495496784,2955.822219827028,478948.43689446704
Planner,4,6,12,59,120.0,15000.0,138.00464202807035,3063.495602642551,495508.9939378355
Planner,4,6,12,58,120.0,15000.0,128.00393521023503,3161.99879185892,510869.4661630637
Planner,4,6,12,57,120.0,15000.0,131.4241115031047,3261.916486676389,526640.3595434363
Planner,4,6,12,56,120.0,15000.0,124.40930622461399,3355.0613965782077,541569.47629039
Planner,4,6,12,55,120.0,15000.0,131.71862369613137,3454.2048734944788,557375.7111339258
Planner,4,6,12,54,120.0,15000.0,137.9178733931235,3558.8281944179134,573925.8559411006
Planner,4,6,12,53,120.0,15000.0,147.95188510851855,3672.404688259426,591680.0821541229
Planner,4,6,12,52,120.0,15000.0,139.26821403259316,3780.669709812438,608392.2678380341
Planner,4,6,12,51,120.0,15000.0,143.78768127070975,3891.1449490205628,625646.7895905193
Planner,4,6,12,50,120.0,15000.0,145.60656235473525,4003.084165886866,643119.5770730875
Planner,4,6,12,49,120.0,15000.0,155.52578908216864,4124.073121783193,661782.6717629477
Planner,4,6,12,48,120.0,15000.0,149.83935709697607,4240.84064790768,679763.3946145849
Planner,4,6,12,47,120.0,15000.0,145.37756806447203,4353.952981651548,697208.7027823215
Planner,4,6,12,46,120.0,15000.0,138.43516515155213,4462.804112711303,713820.9226005077
Planner,4,6,12,45,120.0,15000.0,150.45422052623405,4579.820128638595,731875.4290636558
Planner,4,6,12,44,120.0,15000.0,154.97731181767523,4700.292891411031,750472.7064817768
Planner,4,6,12,43,120.0,15000.0,148.14937797198385,4817.152654803768,768250.6318384148
Planner,4,6,12,42,120.0,15000.0,151.1082464169907,4933.78600807185,786383.6214084537
Planner,4,6,12,41,120.0,15000.0,156.28778725125423,5053.463844777722,805138.1558786042
Planner,4,6,12,40,120.0,15000.0,166.01565542290592,5183.17801845743,825060.0345293529
Planner,4,6,12,39,120.0,15000.0,153.1383867525926,5306.035374240327,843436.640939664
Planner,4,6,12,38,120.0,15000.0,175.42258448679175,5444.027383054404,864487.351078079
Planner,4,6,12,37,120.0,15000.0,163.20758665849777,5573.947499475105,884072.2614770987
Planner,4,6,12,36,120.0,15000.0,171.99667936925178,5709.379459972253,904711.8630014089
Planner,4,6,12,35,120.0,15000.0,159.6225930288842,5837.066593881541,923866.574164875
Planner,4,6,12,34,120.0,15000.0,160.69691373809567,5965.253587947453,943150.2038134465
Planner,4,6,12,33,120.0,15000.0,163.41938752509665,6093.237466169138,962760.5303164581
Planner,4,6,12,32,120.0,15000.0,151.6689832229271,6210.089234444383,980960.8083032094
Planner,4,6,12,31,120.0,15000.0,159.8646888790556,6339.055633886958,1000144.570968696
Planner,4,6,12,30,120.0,15000.0,154.41102574511635,6463.739223268911,1018673.89405811
Planner,4,6,12,29,120.0,15000.0,179.41605166575712,6607.092193943607,1040203.8202580009
Planner,4,6,12,28,120.0,15000.0,171.35878913185138,6744.4859100795875,1060766.874953823
Planner,4,6,12,27,120.0,15000.0,164.85074800333044,6876.455412009367,1080548.9647142226
Planner,4,6,12,26,120.0,15000.0,171.36692886092885,7015.14943956959,1101112.996177534
Planner,4,6,12,25,120.0,15000.0,181.28315789211607,7160.233877839399,1122866.975124588
Planner,4,6,12,24,120.0,15000.0,184.1926544891264,7307.938387105533,1144970.0936632832
Planner,4,6,12,23,120.0,15000.0,177.48183388608308,7452.208914236141,1166267.9137296132
Planner,4,6,12,22,120.0,15000.0,180.79542582133118,7598.830675914731,1187963.3648281728
Planner,4,6,12,21,120.0,15000.0,183.1321830607223,7747.098972464675,1209939.2267954596
Planner,4,6,12,20,120.0,15000.0,175.75532384440436,7890.231931987632,1231029.8656567882
Planner,4,6,12,19,120.0,15000.0,188.6668226968203,8044.4189614963125,1253669.8843804067
Planner,4,6,12,18,120.0,15000.0,200.79488214506395,8209.409839917824,1277765.2702378144
Planner,4,6,12,17,120.0,15000.0,161.7635225368897,8341.908518352193,1297176.8929422412
Planner,4,6,12,16,120.0,15000.0,200.6256708029393,8507.352360883193,1321251.9734385938
Planner,4,6,12,15,120.0,15000.0,185.81282719570078,8659.825209384204,1343549.5127020779
Planner,4,6,12,14,120.0,15000.0,201.3612142659274,8828.157273087952,1367712.8584139892
Planner,4,6,12,13,120.0,15000.0,196.49009317823078,8992.174382585723,1391291.6695953768
Planner,4,6,12,12,120.0,15000.0,203.1876237678102,9162.803393881917,1415674.1844475141
Planner,4,6,12,11,120.0,15000.0,181.82197051790038,9315.911515427333,1437492.8209096622
Planner,4,6,12,10,120.0,15000.0,193.8815391401492,9478.672717008089,1460758.60560648
Planner,4,6,12,9,120.0,15000.0,198.6316334852569,9646.201364875113,1484594.4016247108
Planner,4,6,12,8,120.0,15000.0,169.0560896272309,9790.741470207488,1504881.1323799784
Planner,4,6,12,7,120.0,11153.801679611206,144.39334567286096,9913.366760355384,1522208.3338607217
Planner,4,6,12,6,120.0,11172.253489494324,48.13106415265975,9954.514044173899,1527984.0615590408
Planner,4,6,12,5,120.0,11188.048422336578,43.21042157996999,9991.645450277472,1533169.3121486371
Planner,4,6,12,4,113.99999976158142,11208.218336105347,46.55121489206067,10031.706522554274,1538476.1506352334
Planner,4,6,12,3,113.99999976158142,11182.48388171196,0.0,10031.706522554274,1538476.1506352334
Planner,4,6,12,2,113.99999976158142,11158.324927091599,0.0,10031.706522554274,1538476.1506352334
Planner,4,6,12,1,113.99999976158142,11135.046482086182,0.0,10031.706522554274,1538476.1506352334
Planner,4,6,12,0,113.99999976158142,11112.485975027084,0.0,10031.706522554274,1538476.1506352334
Joint BC to SAC + cap,4,6,12,99,119.61660861968994,12658.495903015137,104.46408363374496,76.06436654446154,12495.639406832228
Joint BC to SAC + cap,4,6,12,98,117.44139194488525,11681.790798902512,81.13501742108733,134.69542903173743,22024.248788237237
Joint BC to SAC + cap,4,6,12,97,117.6627779006958,11636.889427900314,89.96278158267263,199.912419250622,32609.519576928054
Joint BC to SAC + cap,4,6,12,96,117.66387462615967,11637.53941655159,82.08340352457016,259.5579443548729,42267.77087813155
Joint BC to SAC + cap,4,6,12,95,117.71994113922119,11626.166254281998,97.58523198844884,331.74882898351194,53755.498643868996
Joint BC to SAC + cap,4,6,12,94,117.7720046043396,11601.028144359589,98.15940619764791,403.4882793657368,65315.928682537626
Joint BC to SAC + cap,4,6,12,93,117.78680801391602,11568.803489208221,84.04339274195146,466.2983201555453,75215.131648272
Joint BC to SAC + cap,4,6,12,92,117.77368068695068,11576.671302318573,81.4669774526966,526.4199904010054,84809.7974373169
Joint BC to SAC + cap,4,6,12,91,117.75588035583496,11667.255461215973,94.17918969913815,594.2184819133338,95899.9508315381
Joint BC to SAC + cap,4,6,12,90,117.75322437286377,11759.303212165833,92.70527078222139,661.228610402098,106816.2953825041
Joint BC to SAC + cap,4,6,12,89,117.74967670440674,11849.455684423447,101.00236268115307,734.8784878396293,118709.29093459112
Joint BC to SAC + cap,4,6,12,88,117.73222923278809,11927.75547504425,110.05793396633199,813.3256138505709,131666.65684520238
Joint BC to SAC + cap,4,6,12,87,117.76055097579956,11991.416662931442,99.47945486384975,885.2751943524268,143381.41226074152
Joint BC to SAC + cap,4,6,12,86,117.91624546051025,12039.072215557098,105.4748171409604,960.3226000266167,155818.60668863743
Joint BC to SAC + cap,4,6,12,85,118.04867506027222,12095.464020967484,97.41557906290923,1031.9966327041177,167318.38672724305
Joint BC to SAC + cap,4,6,12,84,118.1287956237793,12192.419320344925,90.38817401518128,1099.229558560063,177995.832862289
Joint BC to SAC + cap,4,6,12,83,118.16303253173828,12320.823967456818,103.63833530295162,1176.430749419174,190242.0528482269
Joint BC to SAC + cap,4,6,12,82,118.18558692932129,12415.188252925873,109.84673396988683,1256.2768012269667,203224.35357472696
Joint BC to SAC + cap,4,6,12,81,118.18952083587646,12450.894117355347,96.06477498453731,1326.9251088420165,214578.20329935572
Joint BC to SAC + cap,4,6,12,80,118.18309783935547,12513.43309879303,108.44091985505932,1407.8439209090157,227394.0871403759
Joint BC to SAC + cap,4,6,12,79,118.1891679763794,12586.958408355713,99.62127668390569,1480.9019637282572,239168.2429443914
Joint BC to SAC + cap,4,6,12,78,118.21847438812256,12637.798190116882,98.86880156722081,1553.523288145668,250856.36183025024
Joint BC to SAC + cap,4,6,12,77,118.2294774055481,12694.474160671234,104.38247602986763,1630.7491547132295,263197.44742155867
Joint BC to SAC + cap,4,6,12,76,118.17278146743774,12797.86616563797,124.0276935287348,1722.1800467350859,277854.14494484017
Joint BC to SAC + cap,4,6,12,75,118.15595626831055,12894.715070724487,105.28075678293777,1800.8534397392748,290293.6934391796
Joint BC to SAC + cap,4,6,12,74,118.15192222595215,13012.365102767944,99.97261832792715,1874.8773939861867,302105.6504645857
Joint BC to SAC + cap,4,6,12,73,118.1313705444336,13125.331997871399,108.33425411870877,1956.3523888357392,314903.3243805377
Joint BC to SAC + cap,4,6,12,72,118.07029724121094,13166.413605213165,97.80096200903444,2030.5188375774276,326450.7130354208
Joint BC to SAC + cap,4,6,12,71,117.94654369354248,13256.551325321198,105.71483850727918,2109.643837727402,338919.4128544754
Joint BC to SAC + cap,4,6,12,70,117.82381534576416,13310.85741519928,115.51491870837687,2196.739186922704,352529.82130605215
Joint BC to SAC + cap,4,6,12,69,117.69795417785645,13405.47651052475,119.87951215662792,2286.7093362228316,366639.39463472675
Joint BC to SAC + cap,4,6,12,68,117.58881568908691,13481.591045856476,113.5398963747213,2372.186294491483,379990.4165828919
Joint BC to SAC + cap,4,6,12,67,117.53623485565186,13549.0283370018,105.8220119614744,2452.8103201134904,392428.33743369335
Joint BC to SAC + cap,4,6,12,66,117.53434658050537,13602.973818778992,108.80715790280549,2533.3046559691643,405216.91564108146
Joint BC to SAC + cap,4,6,12,65,117.53763675689697,13665.682077407837,131.45576723017905,2632.122495895464,420667.91585938144
Joint BC to SAC + cap,4,6,12,64,117.59005069732666,13692.51012802124,105.47988351907789,2713.380490879326,433071.30070993793
Joint BC to SAC + cap,4,6,12,63,117.63012886047363,13748.905062675476,113.55081632514403,2800.20730727269,446428.2978664766
Joint BC to SAC + cap,4,6,12,62,117.62097358703613,13860.375881195068,109.56879757586269,2882.805991366161,459315.8865121104
Joint BC to SAC + cap,4,6,12,61,117.63811588287354,13955.916166305542,102.67620157709031,2958.6459255684676,471394.5214116495
Joint BC to SAC + cap,4,6,12,60,117.64931440353394,14060.66119670868,128.50993648285458,3056.007294449862,486513.627332899
Joint BC to SAC + cap,4,6,12,59,117.62704372406006,14112.210869789124,142.93617307780588,3167.5283350164686,503326.78681327193
Joint BC to SAC + cap,4,6,12,58,117.5369644165039,14158.632457256317,133.30304630671964,3270.1093624817813,518994.82222363644
Joint BC to SAC + cap,4,6,12,57,117.44199752807617,14200.11818408966,136.92753962027632,3374.211143801889,535075.8659932464
Joint BC to SAC + cap,4,6,12,56,117.32929229736328,14266.839921474457,130.15521461397674,3471.6579997194267,550346.8852127157
Joint BC to SAC + cap,4,6,12,55,117.24280834197998,14317.351579666138,137.72406176616235,3575.3217182990315,566494.040990445
Joint BC to SAC + cap,4,6,12,54,117.18730449676514,14371.6561794281,144.04420436666985,3684.592421579512,583374.1930285562
Joint BC to SAC + cap,4,6,12,53,117.1417760848999,14383.637309074402,154.17738149810995,3802.947969448178,601434.805329364
Joint BC to SAC + cap,4,6,12,52,117.04102516174316,14373.455345630646,145.71315596843678,3916.2231922336746,618489.2224834629
Joint BC to SAC + cap,4,6,12,51,116.92063570022583,14361.19794845581,150.57732865580383,4031.9150669169544,636094.8194719413
Joint BC to SAC + cap,4,6,12,50,116.7217206954956,14345.180988311768,153.18106201977955,4149.677397432445,653974.3766088535
Joint BC to SAC + cap,4,6,12,49,116.47027492523193,14343.854784965515,163.71356304430054,4277.035909327425,673042.1403056125
Joint BC to SAC + cap,4,6,12,48,116.20852470397949,14349.72196817398,158.63430345943829,4400.657203040341,691476.7986780772
Joint BC to SAC + cap,4,6,12,47,115.96922874450684,14382.597208023071,154.90719178916552,4521.184146847868,709441.2662368441
Joint BC to SAC + cap,4,6,12,46,115.75405597686768,14389.58466053009,148.4735043010189,4637.9283921259985,726627.676564786
Joint BC to SAC + cap,4,6,12,45,115.5219030380249,14410.874843597412,161.0414199343271,4763.178619697402,745231.4878635452
Joint BC to SAC + cap,4,6,12,44,115.28116703033447,14406.480193138123,166.16707356290448,4892.349826754373,764387.4220258923
Joint BC to SAC + cap,4,6,12,43,115.07043838500977,14373.465478420258,159.83884024682212,5018.430201224426,782780.1474440456
Joint BC to SAC + cap,4,6,12,42,114.73567962646484,14350.222945213318,163.5915216481947,5144.69880792511,801549.9318614788
Joint BC to SAC + cap,4,6,12,41,114.63048458099365,14336.545467376709,169.24001782664297,5274.29485361609,820949.9971154429
Joint BC to SAC + cap,4,6,12,40,114.55326557159424,14312.869310379028,179.15415204587956,5414.2746207936,841472.6902730083
Joint BC to SAC + cap,4,6,12,39,114.49774742126465,14273.33950996399,166.41080307372792,5547.779953276806,860526.3523715138
Joint BC to SAC + cap,4,6,12,38,114.43140029907227,14232.05554485321,189.33312143950786,5696.714355531291,882192.006580831
Joint BC to SAC + cap,4,6,12,37,114.36989784240723,14186.500310897827,177.27175867964579,5837.830145534078,902466.559511366
Joint BC to SAC + cap,4,6,12,36,114.18637037277222,14152.140617370605,186.54977116469084,5984.721360712067,923768.0007745333
Joint BC to SAC + cap,4,6,12,35,113.75245094299316,14117.85900592804,175.2619028496037,6124.918870561468,943704.4717806084
Joint BC to SAC + cap,4,6,12,34,113.26239824295044,14079.017639160156,177.56295838466704,6266.559810410988,963815.678286369
Joint BC to SAC + cap,4,6,12,33,112.82203674316406,14066.52182340622,181.38777644546795,6408.6158506585625,984280.2166652604
Joint BC to SAC + cap,4,6,12,32,112.40455865859985,14055.55784702301,170.6824330220982,6540.116330772141,1003465.7002198853
Joint BC to SAC + cap,4,6,12,31,111.92501544952393,14057.464599609375,180.51272032443737,6685.7399563336285,1023669.5892310336
Joint BC to SAC + cap,4,6,12,30,111.2868881225586,14081.433415412903,176.87498914591828,6828.562714049196,1043353.4563597941
Joint BC to SAC + cap,4,6,12,29,110.7605504989624,14061.722457408905,204.42379110672792,6991.89680517236,1065995.5479978602
Joint BC to SAC + cap,4,6,12,28,110.27515888214111,13977.461159229279,197.68030241605118,7150.394840163303,1087794.77475466
Joint BC to SAC + cap,4,6,12,27,109.43334102630615,13861.775994300842,193.5040974216427,7305.302474295421,1108970.5746377902
Joint BC to SAC + cap,4,6,12,26,108.52356195449829,13739.614188671112,202.48730382656657,7469.1834511221,1130945.2180996118
Joint BC to SAC + cap,4,6,12,25,107.40279197692871,13604.252338409424,216.08102002885673,7642.117295480167,1154152.9229439336
Joint BC to SAC + cap,4,6,12,24,106.28259420394897,13513.440191745758,222.65632157007659,7820.665907007194,1177817.4144163101
Joint BC to SAC + cap,4,6,12,23,104.47346210479736,13445.84196805954,221.32383279890726,8000.57449441203,1200939.8814751152
Joint BC to SAC + cap,4,6,12,22,102.77605295181274,12192.138470709324,230.0133040559056,8187.111049178179,1224579.7409923864
Joint BC to SAC + cap,4,6,12,21,97.16138124465942,12212.8451988101,248.3941322412107,8388.217016708715,1248714.057974011
Joint BC to SAC + cap,4,6,12,20,96.89451932907104,12236.571628600359,241.77983791377267,8585.119522969158,1272141.1991521267
Joint BC to SAC + cap,4,6,12,19,94.75890159606934,12322.791889309883,260.7939201777846,8798.25206684389,1296853.7445711065
Joint BC to SAC + cap,4,6,12,18,94.07399773597717,12362.73811198771,276.7548122607248,9025.65835874972,1322889.1761531427
Joint BC to SAC + cap,4,6,12,17,92.04405784606934,12361.275255680084,243.67092155292798,9225.246464722653,1345317.6365519655
Joint BC to SAC + cap,4,6,12,16,92.34804153442383,12379.309246316552,282.4050563448996,9458.12881464773,1371397.1904248355
Joint BC to SAC + cap,4,6,12,15,96.08497977256775,12303.51535603404,257.29941557540343,9669.261573362544,1396119.7995658917
Joint BC to SAC + cap,4,6,12,14,97.1768057346344,11089.726388454437,50.80203934493329,9711.730586843949,1401056.5794742375
Joint BC to SAC + cap,4,6,12,13,92.44938850402832,11017.157137393951,0.0,9711.730586843949,1401056.5794742375
Joint BC to SAC + cap,4,6,12,12,96.78354978561401,11038.348823785782,6.73121506742973,9717.38319771896,1401708.0503628338
Joint BC to SAC + cap,4,6,12,11,94.62087392807007,10920.144766569138,0.0,9717.38319771896,1401708.0503628338
Joint BC to SAC + cap,4,6,12,10,96.77136778831482,10913.827568292618,0.0,9717.38319771896,1401708.0503628338
Joint BC to SAC + cap,4,6,12,9,96.05652332305908,10825.707614421844,0.0,9717.38319771896,1401708.0503628338
Joint BC to SAC + cap,4,6,12,8,96.83517217636108,10810.517519712448,0.0,9717.38319771896,1401708.0503628338
Joint BC to SAC + cap,4,6,12,7,95.98257899284363,10815.478563308716,0.0,9717.38319771896,1401708.0503628338
Joint BC to SAC + cap,4,6,12,6,96.46556854248047,10846.440196037292,0.0,9717.38319771896,1401708.0503628338
Joint BC to SAC + cap,4,6,12,5,95.95029950141907,10854.641050100327,0.0,9717.38319771896,1401708.0503628338
Joint BC to SAC + cap,4,6,12,4,96.13749742507935,10877.075791358948,26.562018313252338,9740.24195528162,1404261.656330029
Joint BC to SAC + cap,4,6,12,3,96.08876466751099,10836.276113986969,0.0,9740.24195528162,1404261.656330029
Joint BC to SAC + cap,4,6,12,2,95.52894115447998,10818.615704774857,0.0,9740.24195528162,1404261.656330029
Joint BC to SAC + cap,4,6,12,1,95.41581749916077,10814.259946346283,0.0,9740.24195528162,1404261.656330029
Joint BC to SAC + cap,4,6,12,0,94.73050236701965,10830.67387342453,35.314827816126126,9772.087001427084,1407607.0477100555
Planner,0,2,12,99,90.0,15000.0,77.62669014139543,50.97230086227464,6986.402112725588
Planner,0,2,12,98,90.0,15000.0,88.0806697445418,106.96700889110733,14913.662389734349
Planner,0,2,12,97,90.0,15000.0,88.33311297025955,164.42519100741862,22863.64255705771
Planner,0,2,12,96,90.0,15000.0,84.22530744409231,220.0172541858952,30443.920227026018
Planner,0,2,12,95,90.0,15000.0,87.9251513038234,279.1372332502614,38357.18384437013
Planner,0,2,12,94,90.0,15000.0,98.79565951031805,345.0109906833411,47248.79320029875
Planner,0,2,12,93,90.0,15000.0,101.93358055331795,412.39286112978937,56422.81545009737
Planner,0,2,12,92,90.0,15000.0,94.29579825011639,476.5771993720161,64909.43729260784
Planner,0,2,12,91,90.0,15000.0,92.23581607145923,537.6148104712942,73210.66073903917
Planner,0,2,12,90,90.0,15000.0,85.39391178107579,594.4997070448235,80896.112799336
Planner,0,2,12,89,90.0,15000.0,94.52927577890354,656.9022579926436,89403.74761943732
Planner,0,2,12,88,90.0,15000.0,91.09431019216944,718.0750563152621,97602.23553673257
Planner,0,2,12,87,90.0,15000.0,99.03725074006704,785.1151961740475,106515.5881033386
Planner,0,2,12,86,90.0,15000.0,97.55346773489994,850.2049107521934,115295.4001994796
Planner,0,2,12,85,90.0,15000.0,93.97077756768917,914.6147193247484,123752.77018057162
Planner,0,2,12,84,90.0,15000.0,110.1329954133745,987.4546128909714,133664.73976777532
Planner,0,2,12,83,90.0,15000.0,110.29693644952091,1063.9680704775606,143591.46404823218
Planner,0,2,12,82,90.0,15000.0,104.43603745721184,1135.1971193025706,152990.70741938124
Planner,0,2,12,81,90.0,15000.0,96.07540712563392,1202.1446798908105,161637.4940606883
Planner,0,2,12,80,90.0,15000.0,114.26885617352505,1282.3162950813971,171921.69111630556
Planner,0,2,12,79,90.0,15000.0,110.66142292194851,1358.224549497088,181881.21917928092
Planner,0,2,12,78,90.0,15000.0,90.97439450888635,1420.3201945433127,190068.9146850807
Planner,0,2,12,77,90.0,15000.0,107.28448403707027,1491.933066932669,199724.51824841704
Planner,0,2,12,76,90.0,15000.0,105.19366103791565,1564.4846651890318,209191.94774182944
Planner,0,2,12,75,90.0,15000.0,107.60102634816253,1636.6611324868481,218876.04011316405
Planner,0,2,12,74,90.0,15000.0,96.73906398014731,1702.5570917033701,227582.55587137732
Planner,0,2,12,73,90.0,15000.0,93.2328979377048,1768.537535467337,235973.51668577077
Planner,0,2,12,72,90.0,15000.0,98.62402737235051,1836.831577519376,244849.6791492823
Planner,0,2,12,71,90.0,15000.0,102.62946540565557,1909.4906614887007,254086.3310357913
Planner,0,2,12,70,90.0,15000.0,115.26093366610168,1989.9557295515633,264459.8150657405
Planner,0,2,12,69,90.0,15000.0,87.06996672427375,2050.2279595513332,272296.1120709251
Planner,0,2,12,68,90.0,15000.0,111.99794726727414,2129.130891940263,282375.9273249798
Planner,0,2,12,67,90.0,15000.0,101.58520138340107,2201.741594645015,291518.5954494859
Planner,0,2,12,66,90.0,15000.0,97.28491405024084,2268.5401553496113,300274.23771400756
Planner,0,2,12,65,90.0,15000.0,115.32876171525936,2348.86093480166,310653.8262683809
Planner,0,2,12,64,90.0,15000.0,123.86750247950923,2435.471858623988,321801.90149153676
Planner,0,2,12,63,90.0,15000.0,102.78280908880937,2506.7455684783513,331052.3543095296
Planner,0,2,12,62,90.0,15000.0,99.11919286939363,2574.4624229439737,339973.081667775
Planner,0,2,12,61,90.0,15000.0,113.02107951209477,2654.394437200316,350144.97882386355
Planner,0,2,12,60,90.0,15000.0,146.41822959291815,2755.735506737353,363322.6194872262
Planner,0,2,12,59,90.0,15000.0,149.83678197520427,2860.486692451634,376807.92986499454
Planner,0,2,12,58,90.0,15000.0,148.9191885864116,2964.5039687353337,390210.6568377716
Planner,0,2,12,57,90.0,15000.0,130.4400560169167,3056.85019175985,401950.26187929406
Planner,0,2,12,56,90.0,15000.0,144.57554703461068,3159.2236203342836,414962.06111240905
Planner,0,2,12,55,90.0,15000.0,135.90307733362195,3253.0746474856633,427193.338072435
Planner,0,2,12,54,90.0,15000.0,129.3751462072692,3345.524524345568,438837.1012310892
Planner,0,2,12,53,90.0,15000.0,148.5050121928951,3450.6450609087115,452202.5523284498
Planner,0,2,12,52,90.0,15000.0,132.2738407556612,3546.065074790903,464107.1979964593
Planner,0,2,12,51,90.0,15000.0,132.6359411355689,3639.391071827597,476044.43269866053
Planner,0,2,12,50,90.0,15000.0,147.84723552160628,3740.6395882381157,489350.6838956051
Planner,0,2,12,49,90.0,15000.0,145.96408656248207,3843.965702408817,502487.45168622845
Planner,0,2,12,48,90.0,15000.0,143.74736736177414,3946.8059213722418,515424.7147487881
Planner,0,2,12,47,90.0,15000.0,144.4900449423033,4051.6850383519873,528428.8187935954
Planner,0,2,12,46,90.0,15000.0,140.4453111012569,4154.969868424098,541068.8967927085
Planner,0,2,12,45,90.0,15000.0,152.3210194200263,4266.2122980000995,554777.7885405109
Planner,0,2,12,44,90.0,15000.0,156.30097519002013,4380.480407284791,568844.8763076128
Planner,0,2,12,43,90.0,15000.0,153.73469278576061,4491.816180956122,582680.9986583312
Planner,0,2,12,42,90.0,15000.0,135.56787253321403,4589.851572701385,594882.1071863205
Planner,0,2,12,41,90.0,15000.0,144.11670931100508,4691.962419580375,607852.6110243109
Planner,0,2,12,40,90.0,15000.0,152.34044875972262,4801.779860078015,621563.251412686
Planner,0,2,12,39,90.0,15000.0,142.034390928327,4903.54521191197,634346.3465962354
Planner,0,2,12,38,90.0,15000.0,153.6215042837147,5016.467065301184,648172.2819817697
Planner,0,2,12,37,90.0,15000.0,162.05382740417804,5135.136122769564,662757.1264481457
Planner,0,2,12,36,90.0,15000.0,159.9577193032309,5255.0912728369985,677153.3211854364
Planner,0,2,12,35,90.0,15000.0,160.82432631872584,5368.5670168436245,691627.5105541218
Planner,0,2,12,34,91.00000023841858,15000.0,159.82793843980636,5487.056447102556,706171.8529902501
Planner,0,2,12,33,91.00000023841858,15000.0,153.38863950900577,5601.089636595191,720130.2192221404
Planner,0,2,12,32,91.00000023841858,15000.0,155.6066596870257,5716.950463248826,734290.4252907592
Planner,0,2,12,31,91.00000023841858,15000.0,159.56048440948638,5831.668420949967,748810.4294100646
Planner,0,2,12,30,91.00000023841858,15000.0,161.64865918277138,5950.457995793743,763520.4574342369
Planner,0,2,12,29,91.00000023841858,15000.0,173.78553438645417,6079.576073973921,779334.9411048379
Planner,0,2,12,28,91.00000023841858,15000.0,165.81202993500716,6201.968674863858,794423.8358684563
Planner,0,2,12,27,91.00000023841858,15000.0,161.52542526677183,6323.130076938003,809122.6496062432
Planner,0,2,12,26,91.00000023841858,15000.0,153.72740353584848,6439.297748155954,823111.8433646569
Planner,0,2,12,25,91.00000023841858,15000.0,169.98613400499985,6565.110734703381,838580.5815996397
Planner,0,2,12,24,90.0,15000.0,154.2641279611617,6682.687658488675,852464.3531161443
Planner,0,2,12,23,90.0,15000.0,172.0693776684369,6812.16604409508,867950.5971063037
Planner,0,2,12,22,90.0,15000.0,175.97070977636005,6949.428344125186,883787.960986176
Planner,0,2,12,21,90.0,15000.0,177.46153906270644,7085.034394602279,899759.4995018196
Planner,0,2,12,20,90.0,15000.0,165.9633638577804,7214.956028071203,914696.2022490199
Planner,0,2,12,19,88.99999976158142,15000.0,187.10549342438395,7360.784423657087,931348.5911191807
Planner,0,2,12,18,90.0,15000.0,183.4468986916323,7503.934018977007,947858.8120014275
Planner,0,2,12,17,90.0,15000.0,186.03309152269415,7648.999806513623,964601.79023847
Planner,0,2,12,16,90.0,15000.0,181.88664604848768,7787.04736917261,980971.5883828339
Planner,0,2,12,15,90.0,15000.0,194.8598532824763,7934.412476798508,998508.9751782567
Planner,0,2,12,14,90.0,15000.0,185.7964912780176,8079.271357546644,1015230.6593932783
Planner,0,2,12,13,90.0,15000.0,179.87855177484303,8221.610147526437,1031419.7290530142
Planner,0,2,12,12,88.99999976158142,15000.0,189.8115951796802,8370.360366975321,1048312.9609787511
Planner,0,2,12,11,90.0,15000.0,193.54384001746465,8522.640534497343,1065731.906580323
Planner,0,2,12,10,90.0,15000.0,202.2255746118805,8684.221211225298,1083932.208295392
Planner,0,2,12,9,90.0,15000.0,187.54955465836915,8830.176866136026,1100811.6682146452
Planner,0,2,12,8,91.00000023841858,15000.0,178.83207586169556,8975.703282706614,1117085.3871606963
Planner,0,2,12,7,90.0,15000.0,190.93938604815392,9129.520837140437,1134269.9319050303
Planner,0,2,12,6,90.0,15000.0,204.49023146698624,9293.2498728929,1152674.052737059
Planner,0,2,12,5,91.00000023841858,15000.0,167.48821230431244,9429.695106994559,1167915.4800966838
Planner,0,2,12,4,91.00000023841858,15000.0,169.85746944125364,9568.891973567124,1183372.5098563351
Planner,0,2,12,3,91.99999988079071,15000.0,150.9841777414854,9692.496417003009,1197263.054190553
Planner,0,2,12,2,90.0,15000.0,157.3891513712827,9825.931865966162,1211428.0778139685
Planner,0,2,12,1,88.99999976158142,15000.0,140.35871201945898,9946.10081898322,1223920.0031502363
Planner,0,2,12,0,87.00000047683716,15000.0,124.33808697470657,10057.636727320278,1234737.4167763249
Joint BC to SAC + cap,0,2,12,99,88.90033960342407,12069.41619515419,78.66056801153027,51.65117991476768,6992.9512096232775
Joint BC to SAC + cap,0,2,12,98,90.25325059890747,12631.446123123169,87.84256879026161,107.49452223015865,14921.028583902527
Joint BC to SAC + cap,0,2,12,97,89.56103920936584,12520.694434642792,88.75678905029031,165.22829360791633,22870.17884813299
Joint BC to SAC + cap,0,2,12,96,89.05268430709839,12492.069154977798,85.1396373976637,221.42385103399369,30452.092099327965
Joint BC to SAC + cap,0,2,12,95,88.52049112319946,12453.179806470871,89.35904194268791,281.5079636061582,38362.19837839328
Joint BC to SAC + cap,0,2,12,94,87.94288039207458,12416.126430034637,100.78935119752688,348.7110503159541,47225.90423555219
Joint BC to SAC + cap,0,2,12,93,87.39488244056702,12371.791750192642,104.47362244700048,417.7719824894565,56356.36418744798
Joint BC to SAC + cap,0,2,12,92,86.94190979003906,12333.336472511292,97.29328533693817,483.99662081533023,64815.228224388586
Joint BC to SAC + cap,0,2,12,91,86.53949856758118,12298.048436641693,95.62773967260641,547.2788579445324,73090.80486480714
Joint BC to SAC + cap,0,2,12,90,86.1115300655365,12261.85292005539,89.25881681522841,606.7383493404412,80777.0181526059
Joint BC to SAC + cap,0,2,12,89,85.86353421211243,12238.91630768776,98.64067376234006,671.8549983284097,89246.6550189044
Joint BC to SAC + cap,0,2,12,88,85.73735475540161,12228.332906961441,95.33112295974149,735.8729545145064,97420.09332733457
Joint BC to SAC + cap,0,2,12,87,85.6218433380127,12216.536104679108,103.48000801344142,805.9204786326486,106280.24236207776
Joint BC to SAC + cap,0,2,12,86,85.52439212799072,12206.6131234169,102.09511413115183,874.040474701661,115011.86493738236
Joint BC to SAC + cap,0,2,12,85,85.70289611816406,12225.56859254837,98.34496934325807,941.4484584752362,123440.31362875164
Joint BC to SAC + cap,0,2,12,84,85.81276774406433,12263.37730884552,114.53791348121092,1017.2016820750684,133269.12899620453
Joint BC to SAC + cap,0,2,12,83,85.76387882232666,12356.432378292084,114.75328507614087,1096.8065278054253,143110.81583193858
Joint BC to SAC + cap,0,2,12,82,85.67107796669006,12432.047873735428,108.99001146993854,1171.1415469946714,152448.10760217014
Joint BC to SAC + cap,0,2,12,81,85.60741066932678,12510.79797744751,100.71524227198869,1241.3222517753043,161070.078708009
Joint BC to SAC + cap,0,2,12,80,85.50478935241699,12582.508027553558,119.01708888612585,1324.825251374709,171246.6098225551
Joint BC to SAC + cap,0,2,12,79,85.3369927406311,12642.10194349289,115.66452625626529,1404.1653868447142,181117.07266003455
Joint BC to SAC + cap,0,2,12,78,85.23449301719666,12691.25759601593,96.11302078736999,1469.768461812693,189309.21725919732
Joint BC to SAC + cap,0,2,12,77,84.94926691055298,12718.136012554169,112.80598249522477,1545.0669590902223,198892.00277529133
Joint BC to SAC + cap,0,2,12,76,84.62461829185486,12743.14671754837,111.07006774717708,1621.6714888117963,208291.26486204664
Joint BC to SAC + cap,0,2,12,75,84.32013869285583,12762.232720851898,113.81029238826552,1698.0129989767395,217887.76450089965
Joint BC to SAC + cap,0,2,12,74,83.9907431602478,12788.860499858856,103.30842763245997,1768.383825961262,226564.71611246665
Joint BC to SAC + cap,0,2,12,73,83.72677683830261,12838.402688503265,100.12837867507429,1839.24416608243,234948.14252897564
Joint BC to SAC + cap,0,2,12,72,83.50521683692932,12883.753776550293,105.76304523286416,1912.4817538298344,243779.90855447992
Joint BC to SAC + cap,0,2,12,71,83.29336881637573,12929.880321025848,110.15272803374728,1990.4671187931908,252954.90035672477
Joint BC to SAC + cap,0,2,12,70,83.00129175186157,13000.170588493347,123.1118380570724,2076.4129992708176,263173.3419454078
Joint BC to SAC + cap,0,2,12,69,82.83559799194336,13014.89919424057,95.1067405387405,2142.248505541677,271051.56567099894
Joint BC to SAC + cap,0,2,12,68,82.7513587474823,13062.97779083252,120.27137483887002,2226.9800956179524,281004.1853573432
Joint BC to SAC + cap,0,2,12,67,82.66355156898499,13093.786537647247,109.958849990396,2305.5760845777545,290093.7744239906
Joint BC to SAC + cap,0,2,12,66,82.60194659233093,13127.708435058594,105.83349912812547,2378.244344452446,298835.8274666515
Joint BC to SAC + cap,0,2,12,65,82.53887295722961,13159.027099609375,123.95022952406292,2464.5695498961095,309066.5397143576
Joint BC to SAC + cap,0,2,12,64,82.48985648155212,13190.754652023315,132.5456097162078,2557.248400089392,320000.20803710737
Joint BC to SAC + cap,0,2,12,63,82.52683758735657,13203.530311584473,111.4181839860907,2634.5102242049707,329195.19841120567
Joint BC to SAC + cap,0,2,12,62,82.59056091308594,13222.149014472961,107.68093430643543,2708.0763413822897,338088.62717521936
Joint BC to SAC + cap,0,2,12,61,82.54366517066956,13305.56035041809,121.64734956607143,2794.1091214772714,348129.84526670055
Joint BC to SAC + cap,0,2,12,60,82.55853652954102,13363.054990768433,157.266428981523,2902.9586012146556,361113.5314886421
Joint BC to SAC + cap,0,2,12,59,82.64866471290588,13414.088487625122,160.57424119900642,3015.216365556861,374384.7781110281
Joint BC to SAC + cap,0,2,12,58,82.83249139785767,13414.271175861359,159.38814808100378,3126.546014829485,387587.2955158683
Joint BC to SAC + cap,0,2,12,57,82.99030423164368,13434.710502624512,140.67851196329707,3226.140645782686,399262.24802255724
Joint BC to SAC + cap,0,2,12,56,83.03943634033203,13464.943170547485,154.74223996202676,3335.7130733136573,412111.9564070443
Joint BC to SAC + cap,0,2,12,55,82.92536497116089,13479.286432266235,146.55954761863381,3436.923173575658,424265.46038332774
Joint BC to SAC + cap,0,2,12,54,82.72494196891785,13498.881757259369,140.33351217440875,3537.2037630101768,435874.5420342501
Joint BC to SAC + cap,0,2,12,53,82.57185816764832,13516.345620155334,159.69396715475952,3650.244496553906,449060.769640382
Joint BC to SAC + cap,0,2,12,52,82.4468469619751,13528.024554252625,143.6738761095667,3753.888294712057,460906.2277164212
Joint BC to SAC + cap,0,2,12,51,82.449392080307,13634.6235871315,144.1947698018025,3855.3473754409756,472794.9988277396
Joint BC to SAC + cap,0,2,12,50,82.4551248550415,13705.348074436188,159.39728818441833,3964.50558114969,485938.12212654087
Joint BC to SAC + cap,0,2,12,49,82.36303091049194,13682.748675346375,157.65463308961816,4076.1072840191473,498923.03554488334
Joint BC to SAC + cap,0,2,12,48,82.29840755462646,13626.460134983063,155.53683825794076,4187.381965405618,511723.46964959335
Joint BC to SAC + cap,0,2,12,47,82.25374698638916,13567.641377449036,156.3478815009189,4300.868176583821,524583.6687364279
Joint BC to SAC + cap,0,2,12,46,82.2320830821991,13464.937210083008,152.6391875356092,4413.12050044812,537135.5070874555
Joint BC to SAC + cap,0,2,12,45,82.34444618225098,13332.021832466125,164.33851114631437,4533.139492721324,550667.8707742144
Joint BC to SAC + cap,0,2,12,44,82.50532388687134,13210.389614105225,168.1036497526752,4656.036270542072,564537.316843624
Joint BC to SAC + cap,0,2,12,43,82.53467202186584,13160.236477851868,165.49114967587957,4775.88615511301,578196.0746046442
Joint BC to SAC + cap,0,2,12,42,82.47649312019348,13075.25783777237,147.41595001273362,4882.489439054474,590354.4251916762
Joint BC to SAC + cap,0,2,12,41,82.42492079734802,12993.030548095703,156.31308676349022,4993.2417712718625,603238.5189877459
Joint BC to SAC + cap,0,2,12,40,82.3113751411438,12960.79009771347,164.71964221242487,5111.982983174069,616796.8192510077
Joint BC to SAC + cap,0,2,12,39,82.13044881820679,12909.25532579422,154.70488770164107,5222.826541726972,629502.8011123138
Joint BC to SAC + cap,0,2,12,38,81.99029803276062,12894.138991832733,166.62075005421963,5345.303690983856,643164.0860677013
Joint BC to SAC + cap,0,2,12,37,81.87525749206543,12843.875288963318,175.2397767834046,5473.6285783065705,657511.8879146946
Joint BC to SAC + cap,0,2,12,36,81.82877898216248,12780.744433403015,173.23213060074153,5603.538446446917,671687.2616422318
Joint BC to SAC + cap,0,2,12,35,81.79469466209412,12699.517905712128,174.15410869020394,5726.419527361669,685932.1437866963
Joint BC to SAC + cap,0,2,12,34,81.7633068561554,12601.953744888306,174.8332438546885,5856.033233556502,700227.0879526442
Joint BC to SAC + cap,0,2,12,33,81.7500376701355,12513.557374477386,168.41550114326157,5981.237791187636,713995.0615153406
Joint BC to SAC + cap,0,2,12,32,81.71407580375671,12372.976392507553,170.94800612570506,6108.521400670362,727963.9198463975
Joint BC to SAC + cap,0,2,12,31,81.68332815170288,12260.08340716362,175.9502721637177,6235.0229963146885,742336.1236659279
Joint BC to SAC + cap,0,2,12,30,81.67844533920288,12233.525663614273,178.0559395992998,6365.869670022602,756879.4559958098
Joint BC to SAC + cap,0,2,12,29,81.75267338752747,12326.521873474121,190.32498546241158,6507.276125049691,772439.0323698042
Joint BC to SAC + cap,0,2,12,28,81.83095932006836,12375.456988811493,182.21146148185375,6641.773813133372,787349.571061976
Joint BC to SAC + cap,0,2,12,27,81.85263395309448,12517.82238483429,177.93227406675715,6775.242112409252,801913.796359604
Joint BC to SAC + cap,0,2,12,26,81.77878141403198,12620.722651481628,170.2667153207082,6903.908097456764,815838.0008539014
Joint BC to SAC + cap,0,2,12,25,81.74518823623657,12743.647992610931,187.10934498757314,7042.394601909692,831133.2894806694
Joint BC to SAC + cap,0,2,12,24,81.73265218734741,12875.593900680542,169.62810727625765,7171.6816325671725,844997.4445738778
Joint BC to SAC + cap,0,2,12,23,81.68478608131409,13035.874664783478,187.61140785103348,7312.855050749136,860322.4422906036
Joint BC to SAC + cap,0,2,12,22,81.56291127204895,13205.205202102661,192.04878283809248,7462.658717983536,875986.500125132
Joint BC to SAC + cap,0,2,12,21,81.51533365249634,13273.130059242249,193.63027804818762,7610.620002426233,891770.3368454557
Joint BC to SAC + cap,0,2,12,20,81.54597640037537,13427.615463733673,182.07370872710408,7753.153348941441,906617.7152004449
Joint BC to SAC + cap,0,2,12,19,81.5263843536377,13517.350852489471,201.34753098481974,7910.0818648354,923032.8514001693
Joint BC to SAC + cap,0,2,12,18,81.53939008712769,13709.444105625153,200.04167647553945,8066.180906240988,939344.1276919913
Joint BC to SAC + cap,0,2,12,17,81.4767837524414,12486.703330650926,202.75066638892545,8224.282805492043,955863.5998930251
Joint BC to SAC + cap,0,2,12,16,82.64933466911316,12586.839031428099,196.30740625509893,8373.275376162677,972088.2764106283
Joint BC to SAC + cap,0,2,12,15,82.74724245071411,12581.558721140027,209.36244281292693,8531.60824154374,989412.4412261434
Joint BC to SAC + cap,0,2,12,14,82.75006890296936,12560.046408325434,200.3778622191946,8687.8356958305,1005993.7231314115
Joint BC to SAC + cap,0,2,12,13,82.7691638469696,12546.381619758904,194.46067686564479,8841.713393702752,1022089.0707566966
Joint BC to SAC + cap,0,2,12,12,82.75241255760193,12540.927226655185,202.4887376717848,9000.398347254157,1038845.5023147801
Joint BC to SAC + cap,0,2,12,11,83.13055038452148,12511.196022387594,207.4828197826905,9163.645694995104,1056093.6633186478
Joint BC to SAC + cap,0,2,12,10,83.79729866981506,12472.444721497595,214.92651836697638,9335.374579193707,1074103.9249703088
Joint BC to SAC + cap,0,2,12,9,85.15537977218628,12428.420609794557,197.4815911406258,9489.05958804508,1090920.5448619043
Joint BC to SAC + cap,0,2,12,8,87.15185761451721,12404.550034552813,186.72121703938555,9641.005873310234,1107193.6457829303
Joint BC to SAC + cap,0,2,12,7,89.7317910194397,11220.055222511292,191.48924573880626,9795.266385452514,1124376.3187640351
Joint BC to SAC + cap,0,2,12,6,101.37475490570068,11142.54355430603,23.10229826843897,9813.76368477103,1126718.3085887565
Joint BC to SAC + cap,0,2,12,5,96.37707948684692,11083.528697490692,0.0,9813.76368477103,1126718.3085887565
Joint BC to SAC + cap,0,2,12,4,99.47948813438416,11078.652441501617,4.73239263043979,9817.641843486776,1127189.0845852837
Joint BC to SAC + cap,0,2,12,3,96.2585997581482,11083.908379077911,36.257678534426304,9847.324491314937,1130679.1979514887
Joint BC to SAC + cap,0,2,12,2,98.77546668052673,11054.39305305481,1.5875047858680773,9848.670387216833,1130836.0044775703
Joint BC to SAC + cap,0,2,12,1,96.23357057571411,11052.31299996376,26.726233549958124,9871.552212346023,1133407.9653601232
Joint BC to SAC + cap,0,2,12,0,97.98648357391357,11044.796705245972,21.32053322372667,9890.677527019898,1135497.089438637
