policy,seed,score,revenue,unsold,denied,nights_denied,sold_fri,night_price_fri,sold_sat,night_price_sat,sold_sun,night_price_sun,sold_fri_sat,night_price_fri_sat,sold_sat_sun,night_price_sat_sun,sold_fri_sat_sun,night_price_fri_sat_sun,round
dagger round 0,0,2406241.0526734903,3166788.0060744286,3802.734767004691,0.0,0,8846.0,90.71181063883287,7284.0,117.87401576509586,8276.0,82.61918431249663,2123.0,88.44892816390848,1954.0,85.30682077000304,461.0,81.75518756833355,0
dagger round 0,1,2551465.008482267,3211301.799838543,3299.1839567813777,0.0,0,9636.0,94.77253549880336,7429.0,117.9848629116675,7319.0,81.02963889812996,2299.0,88.78357602648758,1867.0,82.97100576539697,453.0,81.28591317741024,0
dagger round 0,2,1556592.5648723592,2790435.227549076,6169.213313383584,0.0,0,8364.0,92.1764978774993,6617.0,117.53724988933342,6365.0,80.28464823750558,2433.0,83.05084946613178,1534.0,80.21670602912853,335.0,80.0845205499165,0
dagger round 0,3,3157147.014126679,3503981.051067114,1165.0332950579232,284.56844482212546,1,9710.0,86.23025140347367,9300.0,118.12602923557323,10170.0,82.277969761584,1691.0,90.60883806204387,1894.0,87.86278954906726,375.0,81.85150972048442,0
dagger round 0,4,2153568.480797684,3065428.394392729,4559.299567975226,0.0,0,8180.0,86.93594339249478,7259.0,117.87974103962954,7855.0,81.65419650775927,2168.0,88.20782151279414,2118.0,85.23793606458688,468.0,80.96339915807431,0
dagger round 0,5,1458130.633825928,2644562.667784691,5932.160169793815,0.0,0,7824.0,81.16885874184241,5556.0,117.16267395332788,7840.0,80.14076346675961,2065.0,80.33656350463701,1981.0,80.20857309284143,336.0,80.02156850837525,0
dagger round 0,6,2768826.1511765453,3265694.612404108,2484.3423061378135,0.0,0,10016.0,98.86585518110769,5636.0,117.23084171161828,9752.0,80.94167224604443,2561.0,83.14750321765096,1849.0,80.7099904048243,420.0,80.19915816045943,0
dagger round 0,7,2084138.3733436582,2979075.633237362,4474.686299468519,0.0,0,8631.0,93.66115661626507,6279.0,117.73744373094468,7251.0,80.73436726818181,2534.0,84.2456353468131,1926.0,80.6685123036336,450.0,80.23399622440338,0
dagger round 0,8,-272089.39524867386,2085368.6321103573,11787.290136795156,0.0,0,6610.0,84.12247893489254,4253.0,116.3078456143057,6299.0,80.08586879930225,1554.0,80.13778380215398,1376.0,80.08629142285086,253.0,80.02000702699654,0
dagger round 0,9,1239194.972950941,2618719.931857586,6897.624794533225,0.0,0,7510.0,94.80513399863212,4558.0,117.25631259862348,8010.0,81.53899113605085,2126.0,81.03157967300989,1733.0,80.40423231598137,399.0,80.13737487613707,0
dagger round 0,10,1000626.8483741544,2523767.7089345455,7615.704302801955,0.0,0,7447.0,86.43988036750802,4906.0,117.1919208361672,7374.0,80.18850093486674,2135.0,80.31826792779516,1861.0,80.15315516990465,302.0,80.03013546103674,0
dagger round 0,11,2798004.9383242014,3309881.128014326,2559.3809484506237,0.0,0,9478.0,94.42453211144723,7551.0,117.89710038135485,7297.0,81.17601041076966,2488.0,90.02413545822024,2008.0,84.31731934922625,595.0,81.66084435206501,0
dagger round 0,12,2894270.4346401272,3287628.6629521847,1966.7911415602866,0.0,0,9215.0,93.91209449576607,7061.0,117.93925096421079,8362.0,83.35497033821285,2284.0,89.54999275048853,2047.0,85.66892142230613,539.0,82.03615829320918,0
dagger round 0,13,3235503.730487329,3436911.8782162666,773.3172138708833,116.86176238690314,2,9700.0,80.77518645881378,8946.0,118.0267577831734,10465.0,83.94892331657373,1612.0,88.78825722202178,1953.0,87.41036213488073,375.0,81.17466324170431,0
dagger round 0,14,1234274.5173229878,2708791.107584238,7372.582951306252,0.0,0,8221.0,93.94780047864117,6239.0,117.18622474300497,6502.0,80.29214594537241,2403.0,81.5873925124314,1439.0,80.13252532258474,252.0,80.0680349838166,0
dagger round 0,15,869396.9957548638,2463162.54013896,7968.82772192048,0.0,0,7624.0,80.93779083517266,5540.0,116.78989301218454,6249.0,80.06290709901798,2120.0,80.24591765088856,1775.0,80.0978807476205,309.0,80.01460794877852,0
dagger round 0,16,2544961.2442910112,3138547.9429876804,2967.933493483346,0.0,0,8539.0,90.54868565746013,6683.0,117.91633673062425,8186.0,83.01675504995039,2269.0,88.17489693373928,2080.0,85.01609545029126,589.0,81.45899354298369,0
dagger round 0,17,2632695.2144193356,3299505.4578518867,3334.051217162755,0.0,0,9953.0,96.33729940213883,7297.0,118.0061092403828,8285.0,81.65983414865792,2320.0,87.14023548621556,1793.0,83.02808973287911,414.0,81.27905750044302,0
dagger round 0,18,1554975.2798931599,2751174.38980937,5980.995549581051,0.0,0,8120.0,84.52202704710326,6763.0,117.88616936904482,6671.0,80.28794260347395,2036.0,84.87708795164329,1952.0,81.29599926535224,287.0,80.12940576682938,0
dagger round 0,19,2284086.8296521623,3040451.8210041523,3781.8249567599496,0.0,0,8895.0,93.93337173177795,6572.0,117.6612936414674,7088.0,80.87542279091565,2501.0,86.35956427851757,1907.0,81.75343266068545,474.0,80.60571603885683,0
dagger round 0,20,2693947.943629647,3244827.349358797,2754.3970286457497,0.0,0,9030.0,92.89436054229736,7266.0,117.97001333841108,7849.0,81.9648112089167,2344.0,89.51448143240535,1969.0,85.15447105472617,612.0,81.97012941042583,0
dagger round 0,21,2766153.4763039993,3292194.100110531,2630.203119032657,0.0,0,9623.0,99.0212526895469,5356.0,117.93644450777408,9714.0,87.58727419504001,2477.0,84.72882529252183,1956.0,83.73737508290141,444.0,82.20344995593166,0
dagger round 0,22,252327.21663515386,2209382.6285743713,9785.277059696087,0.0,0,6911.0,86.6814379836281,4535.0,116.83142435563833,6329.0,80.12389720286741,1722.0,80.19674895463228,1455.0,80.10133730341069,267.0,80.02504477786661,0
dagger round 0,23,2267257.489206493,3046568.0665385723,3896.5528866603963,0.0,0,9270.0,94.20728912515548,7206.0,117.91906398020285,6714.0,80.4692475063161,2461.0,86.73783209061342,1688.0,81.2854520694057,339.0,80.55840492951835,0
dagger round 0,24,3082366.892902594,3430094.0143489838,1738.6356072319486,0.0,0,10065.0,97.47797345759794,6832.0,117.83874410603728,9228.0,84.58435968281543,2395.0,86.44202046852271,1994.0,83.55185662193547,473.0,81.81632019752679,0
dagger round 0,25,1829009.0854782185,2934457.0293986797,5527.239719602307,0.0,0,8848.0,94.6636943672708,6690.0,117.65949365483272,6629.0,80.35854124415063,2486.0,84.18049832456839,1646.0,80.34113685169312,391.0,80.14102215962032,0
dagger round 0,26,812836.5237192374,2414247.0735883713,8007.052749345669,0.0,0,5124.0,80.16169101581454,5542.0,117.2972122457474,7684.0,80.39564477115916,1639.0,80.27464796669095,2435.0,80.66399106548552,332.0,80.02344539366572,0
dagger round 0,27,3008490.089022144,3565767.9668962955,1470.871183143703,657.7591031135271,2,10639.0,95.51369115266263,8771.0,118.11701327416226,8602.0,81.24711459776712,2211.0,91.80994366585858,1767.0,86.27527191602516,415.0,83.39391299902675,0
dagger round 0,28,993778.9490295476,2562206.9007503986,7842.139758604255,0.0,0,7424.0,90.71638500703305,5316.0,117.20656219911898,6460.0,80.26123996969348,2440.0,80.68591128167559,1685.0,80.1468436024663,347.0,80.04673737613886,0
dagger round 0,29,1965291.6000794326,2916967.1677303314,4758.377838254494,0.0,0,8211.0,91.70663396531954,5986.0,117.59472112730519,7549.0,80.93364706717196,2514.0,83.09832403037694,2047.0,80.61273198332738,421.0,80.14805692674994,0
dagger round 1,0,3015679.7122062976,3287099.624494314,1357.0995614400836,0.0,0,9751.0,84.24881311761771,7394.0,115.41008003634441,8380.0,80.04829424079108,2525.0,84.36246671582212,2447.0,80.44675126093283,507.0,80.01693140825576,1
dagger round 1,1,2753464.2569598574,3231228.112331629,2388.819276858857,0.0,0,9580.0,94.06946442072476,7476.0,113.6400249576492,7363.0,80.01812074198341,2777.0,84.36737906559362,1960.0,80.02961789831824,454.0,80.03220857765182,1
dagger round 1,2,2149975.382029278,2917364.988191128,3836.948030809249,0.0,0,9627.0,84.36842919411386,8004.0,107.56046408551863,6124.0,80.0016549315272,2762.0,80.11213828781909,1524.0,80.00209501956705,283.0,80.00022788772313,1
dagger round 1,3,3439705.2622078247,3486502.0639955997,36.9959569102175,98.49402601432848,2,10584.0,80.7852532706158,8789.0,116.95090750539,10411.0,80.52103564840219,1797.0,87.98032148453548,2087.0,84.73213844397563,397.0,80.1105742220314,1
dagger round 1,4,2750344.4215399576,3187358.2907378674,2185.0693459895483,0.0,0,9245.0,80.48452719074123,7276.0,115.48011907825371,7791.0,80.04614209703419,2584.0,83.74568033190704,2587.0,81.00849831938329,531.0,80.01905279868964,1
dagger round 1,5,1780839.9371095505,2715057.969033718,4671.090159620838,0.0,0,7638.0,80.08037907535976,7896.0,100.66917144433947,7606.0,80.00120110741233,2023.0,80.00539758331517,1887.0,80.00244746968805,310.0,80.00004831821688,1
dagger round 1,6,2988745.139998389,3320016.8498516083,1470.7743151995564,92.79211703327019,1,9873.0,97.73116605460288,6586.0,108.9752179624967,9765.0,80.06894555045469,2925.0,80.369924149554,1816.0,80.0017491554111,395.0,80.00219357466396,1
dagger round 1,7,2497154.068965194,3079646.6296076775,2486.815253158995,212.8237750267126,2,9668.0,86.03839825464271,7633.0,107.43158935688433,7246.0,80.00384805678269,2861.0,80.08446785754484,1880.0,80.00278939148212,371.0,80.00033918095406,1
dagger round 1,8,322589.6346981579,2209412.2426211834,9434.113039615127,0.0,0,6906.0,80.03545727672488,7680.0,88.2558221699049,5986.0,80.00006288797849,1476.0,80.00069983767946,1343.0,80.00008004952613,204.0,80.00000493783577,1
dagger round 1,9,1999507.3987631183,2735191.222565174,3678.4191190102792,0.0,0,9579.0,80.92617937052272,7312.0,92.39362326146998,7837.0,80.00036506791557,1972.0,80.00343096183715,1657.0,80.00022903219647,320.0,80.0000263787806,1
dagger round 1,10,1484275.7190200344,2600922.283927202,5583.2328245358385,0.0,0,8067.0,80.11845319602396,7913.0,93.35946912110477,6882.0,80.000259804885,2008.0,80.00253549491266,1715.0,80.00036624847279,290.0,80.00001848566122,1
dagger round 1,11,2948853.86927454,3325777.329701185,1880.2879871232608,2.164657504983552,1,9676.0,93.89914091890536,7438.0,115.99382409039093,7549.0,80.02994454401284,2612.0,87.11019507730536,2237.0,80.25341100228061,566.0,80.20241891326837,1
dagger round 1,12,3173116.7826824733,3367829.0438985825,340.9192091555378,316.3210484625033,2,9273.0,92.97466288527714,6754.0,115.07266194872649,8932.0,80.18352933531645,2905.0,83.84756122891136,2469.0,80.22071812354683,537.0,80.0687245838691,1
dagger round 1,13,3152500.938565558,3337312.7026057243,924.058820200833,0.0,0,9368.0,80.24688685861639,8432.0,116.72137077763479,10167.0,81.0807595570038,1844.0,85.70324871648677,2181.0,85.13658940655438,373.0,80.05165455168758,1
dagger round 1,14,1978190.8318746919,2877722.292417288,4497.657302712979,0.0,0,10126.0,85.02246492127526,8351.0,102.06868282007952,6224.0,80.00063840500952,2447.0,80.03347556884307,1353.0,80.00050599717777,243.0,80.0000964319755,1
dagger round 1,15,1238543.6114613244,2554972.899528742,6582.146440337087,0.0,0,7450.0,80.07802135880361,7731.0,100.82501133930604,5949.0,80.00037136188493,2184.0,80.00621288687319,1755.0,80.00116885829176,303.0,80.00003072294858,1
dagger round 1,16,3003521.8635658654,3228624.457027912,809.9093617944363,157.80180275789826,2,9057.0,85.54905092793874,6619.0,114.32500242286443,8330.0,80.075441136509,2918.0,82.38365110752925,2497.0,80.18809692211327,620.0,80.00577590157909,1
dagger round 1,17,3023201.019507966,3367743.1817424297,1722.7108111723173,0.0,0,9684.0,93.94272268187748,7518.0,113.64127508279141,8372.0,80.02950175208335,3110.0,81.9125987130346,1959.0,80.01439274969972,461.0,80.00506562679811,1
dagger round 1,18,2057261.451586867,2862550.115380287,4026.443318967101,0.0,0,8735.0,80.26764414838607,7500.0,111.57382944726945,6556.0,80.0051872927725,2552.0,80.31946801139644,1932.0,80.0371329045197,337.0,80.00046362509006,1
dagger round 1,19,2389249.464375135,3101024.5683920383,2539.6604086159687,509.6075557342738,2,9153.0,89.39135862975307,7121.0,110.70366335792365,6844.0,80.00967599316552,3250.0,80.29596417500423,1966.0,80.00844961204703,460.0,80.00105983537176,1
dagger round 1,20,3030955.177071853,3306801.394033432,1314.2846070629257,32.47323887248422,1,9611.0,89.93158226851159,7178.0,115.64315886276948,7886.0,80.04213565622766,2496.0,86.93452586825842,2456.0,80.47790874002034,632.0,80.10835436891905,1
dagger round 1,21,3094713.2294613323,3382761.4751684666,436.425478144296,501.90787519568767,2,9665.0,95.0890738695197,6443.0,107.17076859358728,10342.0,80.34479259649298,2947.0,80.23818323601697,2140.0,80.00237938511037,529.0,80.00279355815317,1
dagger round 1,22,781937.9555931713,2289376.7687296867,7537.194065682577,0.0,0,7351.0,80.05769481692667,7764.0,89.88000907598851,6015.0,80.0000872128424,1583.0,80.00109064676907,1338.0,80.00010504316322,227.0,80.00000733636024,1
dagger round 1,23,2251285.3609990007,3098200.047235489,3131.334683705576,551.6193737384328,2,9570.0,91.32693080755112,7691.0,111.77226149250016,6390.0,80.00698428833056,2940.0,82.57147949123058,1739.0,80.00965898307045,373.0,80.00208517821162,1
dagger round 1,24,3373927.9449120145,3488364.2265200615,38.76489265525197,266.7082576924913,2,9614.0,94.84558474256215,7095.0,112.84786691877353,9982.0,80.32830582666293,3105.0,80.86932332465805,2236.0,80.01326347612951,475.0,80.0057530829781,1
dagger round 1,25,2225105.3000605456,2991211.1084210873,3830.529041802709,0.0,0,9810.0,87.24525315705668,8017.0,107.20692847128058,6240.0,80.00256721618084,2758.0,80.10034326455833,1608.0,80.00229913722816,323.0,80.00033281166856,1
dagger round 1,26,1088507.0154745125,2476006.8323385715,6937.499084320295,0.0,0,4886.0,80.0116665230098,8017.0,101.0817817177308,7208.0,80.0019019008609,1551.0,80.00244868255137,2387.0,80.00750900313702,283.0,80.00003884622149,1
dagger round 1,27,3272488.443197874,3466493.816757202,960.0032655888226,5.01180110390851,1,10058.0,96.39021040727661,7848.0,116.87545867976671,8736.0,80.14406290069059,2275.0,89.35397444400158,2206.0,80.6949733444916,484.0,80.60409169798055,1
dagger round 1,28,1652530.9612283194,2690327.2366678715,5188.981377197761,0.0,0,8942.0,80.43995572226983,7595.0,98.43692418993736,6174.0,80.00039601291233,2340.0,80.0086518215318,1679.0,80.00051719081623,360.0,80.00003809399075,1
dagger round 1,29,2461546.958914197,3002242.428315878,2703.4773470084056,0.0,0,9542.0,83.60033436944414,7499.0,106.09696147505133,7080.0,80.00242426099076,2770.0,80.0577212072882,1901.0,80.00256507413002,395.0,80.00019577485097,1
dagger round 2,0,2969413.6233802848,3282402.7507174015,1564.9456366855848,0.0,0,9410.0,86.66746974802169,7262.0,115.40032049507124,8495.0,80.04102294581156,2521.0,84.52790075471977,2435.0,80.34873028310662,547.0,80.06596645010019,2
dagger round 2,1,2847360.222962055,3290171.0681819916,2110.2894257938315,51.88240015292649,2,9802.0,93.8510986607407,7559.0,115.4889821646658,7383.0,80.005959127228,2601.0,86.60473085925561,2131.0,80.28118240279471,473.0,80.26862393221946,2
dagger round 2,2,2041777.8143047977,2901927.4941003323,4300.748398977673,0.0,0,9136.0,87.72457407464496,7875.0,107.88731458981832,6171.0,80.00017276402907,2722.0,80.3047236381954,1553.0,80.00097061462426,298.0,80.00020874426669,2
dagger round 2,3,3376543.9092956586,3473464.0232765675,481.48596763706155,1.5573011337419302,1,10549.0,81.94733377745597,8621.0,116.76191911607783,9823.0,84.35770629428742,1765.0,88.03695421988836,2266.0,83.52504829179894,350.0,80.42416988100324,2
dagger round 2,4,2751032.2893419014,3168822.0206713676,2088.9486566473315,0.0,0,9129.0,80.60165063955395,6975.0,115.13107923111181,7879.0,80.01147579066507,2936.0,80.86971578627256,2556.0,80.28874242109872,476.0,80.01178868177558,2
dagger round 2,5,1902305.623039354,2745816.19648695,4217.55286723798,0.0,0,7797.0,80.04441904994147,7886.0,98.72808643246616,7558.0,80.00228314385208,2114.0,80.02064399202702,1983.0,80.01822792034947,345.0,80.00322784202686,2
dagger round 2,6,3046409.993582878,3340393.382539749,1357.6075156795487,56.154714552403675,1,10121.0,99.28639882143962,7018.0,104.47673431520415,9719.0,80.06063496640881,2553.0,83.10923990949294,1815.0,80.0072701824598,455.0,80.15130964478294,2
dagger round 2,7,2444078.3789249165,3036013.121601343,2959.6737133821343,0.0,0,9176.0,90.37381906221509,7625.0,105.33502411732908,7130.0,80.00047852564995,2894.0,80.18570383705595,1723.0,80.00132218876759,389.0,80.00049445806862,2
dagger round 2,8,303468.9566575964,2198289.008592367,9474.100259673854,0.0,0,6910.0,80.0069993798191,7785.0,87.25492385035535,5919.0,80.00004441155274,1462.0,80.00021583730643,1311.0,80.00006333641385,204.0,80.00000106937745,2
dagger round 2,9,2064074.2847655537,2744071.476993561,3399.985961140035,0.0,0,9581.0,80.42954162072692,7586.0,90.36741986803979,7585.0,80.00029115717743,2110.0,80.00577628499524,1613.0,80.00035390821364,356.0,80.0009977047363,2
dagger round 2,10,1514956.6654824112,2600036.7988038063,5425.400666606975,0.0,0,8048.0,80.04046963694437,8267.0,90.89740821826959,6870.0,80.00014787365777,2012.0,80.00430354126405,1656.0,80.00113009254713,283.0,80.00017575577375,2
dagger round 2,11,2926581.9094318105,3342834.2688930035,1841.0506200209138,120.10558864252562,2,9736.0,93.2269520750277,7488.0,116.23697758994551,7505.0,80.01101935600774,2614.0,87.76530231194543,2264.0,80.53604224598028,584.0,80.36944934562462,2
dagger round 2,12,3198802.8255162886,3390338.8600981236,406.93174770649057,275.37421260134215,2,9464.0,92.59899453134831,7095.0,115.58924504936036,8828.0,80.43372183065907,2561.0,87.00461671576747,2439.0,80.96323138966625,593.0,80.51213961226541,2
dagger round 2,13,3195971.9401370175,3369927.83290267,869.7794638282612,0.0,0,9466.0,80.22352850515243,8480.0,116.73750223781703,10173.0,83.56171998187385,1877.0,85.43963913340866,2131.0,85.80901938220919,350.0,80.06292362553732,2
dagger round 2,14,1870390.4128419491,2841785.8910644054,4856.977391112281,0.0,0,9678.0,86.531137020954,8530.0,99.84550047577615,6141.0,80.00012554673569,2373.0,80.01981547900608,1382.0,80.00018338563646,252.0,80.00013993846045,2
dagger round 2,15,1252173.0607881688,2537237.787451744,6425.323633317877,0.0,0,7517.0,80.02711339105994,8375.0,95.10803466213284,5868.0,80.00009382043311,2148.0,80.00477116756156,1607.0,80.00096934214095,287.0,80.0000265458735,2
dagger round 2,16,3057379.4200652055,3261204.2260861397,798.4276795796723,110.34817526249935,1,9113.0,86.96971321739089,6818.0,114.95533768628552,8435.0,80.103057450208,2626.0,85.15079716326895,2587.0,80.47073564107325,606.0,80.11379245877659,2
dagger round 2,17,3057575.7417272828,3416810.0859868526,1796.1717212978492,0.0,0,10008.0,95.021868711062,7797.0,115.49138330015843,8408.0,80.0308871277733,2583.0,85.66276392777945,2107.0,80.6604995674356,456.0,80.41522349181928,2
dagger round 2,18,2120466.800926885,2880919.0771770477,3802.2613812508134,0.0,0,8704.0,80.2261750515112,7809.0,109.92455282808496,6626.0,80.00029044373677,2555.0,80.11499931201077,1890.0,80.01052038505594,343.0,80.00027062594022,2
dagger round 2,19,2645494.6664158097,3120356.1679172516,2374.3075075072093,0.0,0,9143.0,91.64689529154633,6978.0,113.82265736104151,7060.0,80.00142763086487,2889.0,83.13255423284724,2030.0,80.0309969110442,492.0,80.01238232463356,2
dagger round 2,20,3016202.6268104636,3306754.0541541576,1299.5556119558623,76.60076238130387,1,9550.0,90.04960615260438,7136.0,115.7345424517321,7842.0,80.02215139888982,2554.0,86.70164207088453,2486.0,80.26810603667342,630.0,80.10576628503345,2
dagger round 2,21,3334177.8238695073,3390764.4856977463,180.70193210612706,51.11568851753327,1,9737.0,96.58526642288015,7146.0,102.29232031792577,10103.0,81.60614769977708,2539.0,83.08582197450755,2173.0,80.07398716875666,518.0,80.40834177184749,2
dagger round 2,22,812275.4533239524,2290837.2142374516,7392.808804567496,0.0,0,7320.0,80.01255728833662,7936.0,88.1480638691855,5988.0,80.00005185922625,1602.0,80.00053707059105,1296.0,80.00008711936297,262.0,80.00000369002801,2
dagger round 2,23,2452894.8795006876,3135389.4952249527,2892.5943863129432,259.9393461541913,2,9435.0,93.26576660597962,7551.0,115.0341330929444,6611.0,80.00061702951868,2871.0,83.94214138798662,1792.0,80.03678412775376,371.0,80.0292533395104,2
dagger round 2,24,3406107.0326297167,3475232.1959233284,262.48427981686837,41.570768325595054,1,10001.0,95.75786989875441,7761.0,109.14618009959372,9854.0,80.76431101685198,2437.0,85.02455711951743,2160.0,80.25757130925302,470.0,80.49667737331797,2
dagger round 2,25,2150937.710701723,2998097.8208756447,4235.800550869608,0.0,0,9354.0,91.27686034442779,7762.0,109.23274446366159,6366.0,80.00020867131096,2772.0,81.08608517725918,1621.0,80.0018272246938,326.0,80.00102065457888,2
dagger round 2,26,1163810.509966671,2500482.538024187,6683.36014028758,0.0,0,5037.0,80.00245852794158,7798.0,101.28491851283086,7355.0,80.003848990642,1622.0,80.00476130721896,2431.0,80.28929805520237,289.0,80.0000434887038,2
dagger round 2,27,3253168.8142892225,3493218.4744548798,935.2899269946956,132.4791869167966,2,10193.0,95.31945438388752,8049.0,116.83852294199599,8820.0,80.23785156011581,2243.0,90.73177423373004,2119.0,81.91422235127494,491.0,81.00539067369371,2
dagger round 2,28,1713805.1292456994,2692624.3420016766,4894.096063779885,0.0,0,8985.0,80.24893787176528,8190.0,93.97095330236013,6169.0,80.0001085134974,2312.0,80.00927493130872,1607.0,80.00053109481755,339.0,80.00025962306334,2
dagger round 2,29,2453669.147616046,3011793.828034401,2790.6234020917746,0.0,0,9175.0,85.29326567364,7542.0,106.04889275556026,7327.0,80.00075338790438,2697.0,80.15244189836292,1938.0,80.00432453841987,420.0,80.00223232734771,2
dagger round 3,0,2975739.7015160266,3283923.966946602,1540.9213271528752,0.0,0,9781.0,84.99625427032367,7341.0,115.99151097807437,8377.0,80.0051726365098,2327.0,86.65248951791027,2494.0,80.26211678551596,530.0,80.03173957230909,3
dagger round 3,1,2847561.4560552924,3280230.5188179016,2089.0008656191567,37.172224096944774,1,9846.0,92.66758765167951,7490.0,115.7140678878779,7360.0,80.00076549791771,2577.0,87.23150672725711,2155.0,80.06418543957226,490.0,80.03647846105147,3
dagger round 3,2,2086320.5998884095,2930997.725943327,4223.385630274588,0.0,0,9573.0,87.18080503856153,7610.0,110.88715508403979,6103.0,80.00017945441812,2688.0,81.71107129859072,1601.0,80.00148239767157,287.0,80.00007894396367,3
dagger round 3,3,3455822.710312407,3482323.2017195225,132.50245703557812,0.0,0,10494.0,81.76649761820194,8441.0,117.0754422661027,10140.0,82.58360083016183,1818.0,88.42015628767486,2322.0,83.03978812632943,381.0,80.05388522085555,3
dagger round 3,4,2760910.6423279,3183347.4624192715,2112.184100456856,0.0,0,9305.0,80.39703976332918,7189.0,115.7355493903243,7822.0,80.00090677059694,2700.0,83.01984726102263,2564.0,80.2554196058867,490.0,80.00413819478483,3
dagger round 3,5,1815979.5391788324,2733598.6545085907,4588.0955766487905,0.0,0,7748.0,80.019689145535,7632.0,102.47531794402084,7565.0,80.00041933541887,2088.0,80.00933501969352,1935.0,80.00835036060914,344.0,80.00000508718712,3
dagger round 3,6,3075370.251001324,3336287.281757593,1304.585153781345,0.0,0,10246.0,98.31099535195874,7133.0,104.36505561437811,9801.0,80.08086556148169,2411.0,83.20958624732589,1884.0,80.00670511821274,404.0,80.01850540095036,3
dagger round 3,7,2513278.663004083,3069003.296993971,2778.623169949439,0.0,0,9421.0,88.45525734098888,7097.0,110.99030208029981,7409.0,80.00035717864158,2838.0,81.12952610486994,1879.0,80.00904863219492,392.0,80.0002571879601,3
dagger round 3,8,307819.68648724584,2205103.60327363,9486.419583931922,0.0,0,6951.0,80.0026080594991,7636.0,88.4919452706265,5960.0,80.00014320235924,1483.0,80.000033393874,1320.0,80.00001061865778,200.0,80.0,3
dagger round 3,9,2086740.627068533,2757146.146426201,3352.027596788338,0.0,0,9775.0,80.61945870404354,7492.0,91.26052104004296,7656.0,80.00040892943693,2024.0,80.00095615627266,1658.0,80.0000331916625,349.0,80.00000249690518,3
dagger round 3,10,1508886.1750734383,2605530.504860878,5483.221648937199,0.0,0,8107.0,80.02824615929296,7993.0,92.60232958241218,6902.0,80.00023571262149,2001.0,80.00182899399319,1706.0,80.000628940106,297.0,80.0000004816537,3
dagger round 3,11,2953219.8000354012,3331186.795539856,1842.4572419369197,23.68886779267632,1,9862.0,91.4750536305018,7532.0,116.69076416762155,7508.0,80.0013652812247,2421.0,90.0829933567118,2305.0,80.74835469976165,585.0,80.37775578050532,3
dagger round 3,12,3163785.270890125,3417922.9377424717,202.7665397263154,533.9608972677088,2,9710.0,90.71471723321783,7044.0,116.10681090603357,8933.0,80.0711927502817,2526.0,87.9534992724303,2554.0,80.66714163254086,614.0,80.10958456255325,3
dagger round 3,13,3246551.981103456,3362897.6123631,581.7281562982207,0.0,0,9701.0,80.23222797274062,8258.0,117.01590932232614,10110.0,81.57083550133879,1927.0,84.37011607335403,2245.0,84.22271697505279,376.0,80.00338309622825,3
dagger round 3,14,1790465.7959057637,2838542.5395941734,5240.383718442049,0.0,0,9836.0,86.60883934699505,7798.0,105.82988729031155,6244.0,80.00017553567886,2392.0,80.05752272579981,1350.0,80.0000917399371,262.0,80.00000283008313,3
dagger round 3,15,1271730.8635329525,2565329.09624815,6467.991163575987,0.0,0,7588.0,80.01190660813009,7794.0,100.52000628454978,5951.0,80.00017324589297,2219.0,80.00506329450482,1717.0,80.00067502520567,287.0,80.0,3
dagger round 3,16,3082617.6152679804,3236351.8003606796,768.6709254634952,0.0,0,9367.0,85.048709408863,6789.0,115.03884413874822,8281.0,80.0141540002368,2464.0,86.16891803195725,2554.0,80.20182887417502,674.0,80.01644275131848,3
dagger round 3,17,2897049.424999283,3337752.629250288,2203.5160212550236,0.0,0,9861.0,92.8018675851672,7569.0,115.38055692249505,8511.0,80.00222403621326,2599.0,85.22407919638613,2016.0,80.0919124584586,427.0,80.01069022565034,3
dagger round 3,18,2062658.5255089349,2864815.8580994606,4010.786662952629,0.0,0,8743.0,80.18019148363452,7513.0,111.4858099690103,6502.0,80.00019552578598,2540.0,80.55576126124915,1913.0,80.00601191702651,378.0,80.00001194931212,3
dagger round 3,19,2558440.865869636,3117285.455842018,2531.6910808637867,131.26593449906068,1,9385.0,90.77484975778238,6871.0,114.40669375655433,7031.0,80.00053276752547,2870.0,83.41792238755508,1999.0,80.01266003668815,492.0,80.00126208958586,3
dagger round 3,20,3003422.41958526,3334866.58988595,1311.4087726999296,172.9060394017597,2,9766.0,90.36347791695971,7160.0,116.30582687924694,7810.0,80.00390805920321,2473.0,88.53271611489798,2501.0,80.47856245504194,642.0,80.14539919352606,3
dagger round 3,21,3275356.8594609764,3382409.2801117897,382.52662313596375,76.36774005905136,2,9640.0,94.89209604498262,6668.0,105.85664425932438,10008.0,83.56603569919162,2674.0,81.66962918052944,2244.0,80.23622795912884,534.0,80.27410555644875,3
dagger round 3,22,783492.2366693278,2285333.1883454323,7509.204758380522,0.0,0,7335.0,80.00556978825087,7770.0,89.0928164616208,6005.0,80.00013911436241,1632.0,80.00008481974696,1308.0,80.00001445275927,231.0,80.0,3
dagger round 3,23,2408007.9380145515,3109350.733335018,2957.2079578512894,274.7530093755213,1,9661.0,91.6622920173775,7367.0,114.9349897034346,6597.0,80.00028132579173,2829.0,84.04480607823965,1787.0,80.00721892165818,366.0,80.00190517941459,3
dagger round 3,24,3348648.983083003,3447334.53900218,493.4277795958842,0.0,0,9839.0,93.63284485286081,7296.0,114.7544806181012,9783.0,80.22083537047058,2449.0,84.72708623863912,2313.0,80.18278518642536,492.0,80.02237317523335,3
dagger round 3,25,2151740.4310714486,3003572.6155412197,4259.160922348856,0.0,0,9660.0,90.00542950148908,7501.0,111.92178079897906,6358.0,80.00021985676649,2751.0,81.79329495523592,1597.0,80.00206692336721,335.0,80.00017944022791,3
dagger round 3,26,1124286.622077649,2494778.443186283,6852.459105543171,0.0,0,4997.0,80.00059112038687,7508.0,103.78206283219266,7326.0,80.00032527945324,1630.0,80.00291456108444,2456.0,80.02603362117218,316.0,80.0,3
dagger round 3,27,3198893.2977594244,3497582.0303964615,980.766214404859,256.3387243901634,2,10392.0,93.65522760831915,8166.0,117.3485724674321,8737.0,80.0213859798134,2146.0,92.16299721323655,2160.0,81.77042035813685,486.0,80.99438479407824,3
dagger round 3,28,1684087.647577966,2706709.9145936966,5113.111335078653,0.0,0,9033.0,80.24128851575945,7498.0,100.10508405761612,6205.0,80.00020798572507,2373.0,80.0043884837773,1680.0,80.0000942484254,360.0,80.0000001821253,3
dagger round 3,29,2495453.9180739736,3029715.933009386,2671.3100746770615,0.0,0,9383.0,84.60446868092218,7133.0,109.23365035465518,7465.0,80.00036224070125,2763.0,80.39862031053039,1959.0,80.0058618889225,424.0,80.00010106361137,3
dagger round 4,0,3029900.5550676715,3298199.243643284,1334.1659255083505,3.6637586848555657,1,9701.0,85.1043167508468,7470.0,114.92607505860897,8403.0,80.00223537392522,2497.0,85.47791933029902,2424.0,80.12421673083855,527.0,80.02958283478667,4
dagger round 4,1,2755276.2908572117,3267008.5524618626,2297.580906131385,130.5402009459358,2,9711.0,93.7036995043925,7580.0,114.74102604892448,7254.0,80.00166165408005,2756.0,85.39755952635075,2062.0,80.10240995109255,440.0,80.2494005587968,4
dagger round 4,2,2109714.3076364906,2918701.646760702,4044.936695621058,0.0,0,9439.0,85.1903906858931,7974.0,108.94353365700796,6146.0,80.00120147078347,2773.0,80.71140974727814,1505.0,80.00031322973511,274.0,80.0000075136658,4
dagger round 4,3,3430496.2458626027,3469472.887740135,28.057437653707893,83.41288586697738,2,10657.0,80.76705345922242,8560.0,116.17852674424648,10106.0,81.53005464027925,1771.0,87.64179002828075,2413.0,81.6965291424011,356.0,80.16180522321315,4
dagger round 4,4,2732565.340546285,3169933.8415062428,2186.84250479979,0.0,0,9179.0,80.24493027478863,7180.0,114.8675382525808,7712.0,80.00180378927234,2724.0,82.5347337078593,2571.0,80.38709502051378,536.0,80.00193980202747,4
dagger round 4,5,1839770.4205228903,2714505.044823885,4301.833291796088,35.91991485444305,1,7786.0,80.01134903746951,8512.0,93.544831472428,7583.0,80.00159511210248,1959.0,80.24812968425935,1867.0,80.16571159406212,312.0,80.00004358398608,4
dagger round 4,6,3103721.4096147353,3354744.3496632576,987.6656639664761,133.72451813806765,1,10304.0,98.7978704731842,7732.0,98.75550008705103,9771.0,80.0128575379572,2472.0,83.03750908008286,1696.0,80.00177459404716,456.0,80.00326777497928,4
dagger round 4,7,2543871.3829748845,3079128.7183117867,2594.7546164794685,40.766030102520745,1,9491.0,88.7064034190724,7480.0,108.03261940555777,7171.0,80.00137345642246,2871.0,80.54299717661978,1811.0,80.00121626519551,430.0,80.0000822876775,4
dagger round 4,8,324629.45730347396,2203573.5186183453,9394.720306574356,0.0,0,6848.0,80.00120253937546,7905.0,86.7550213300752,5934.0,80.00113510265871,1466.0,80.00002744578404,1317.0,80.00000903890634,208.0,80.00000005731216,4
dagger round 4,9,2023855.176799635,2720536.3916170597,3483.4060740871237,0.0,0,9561.0,80.26501110889039,7663.0,88.43378890576537,7534.0,80.00160142538051,2086.0,80.00057412816831,1577.0,80.0000109336916,361.0,80.00000104679626,4
dagger round 4,10,1543030.5665435803,2604507.044197321,5307.382388268704,0.0,0,8047.0,80.01358154265351,8363.0,89.7890754282282,6933.0,80.00138677062367,1998.0,80.00909616042664,1664.0,80.00172826533134,288.0,80.0000015190906,4
dagger round 4,11,2894434.4341794234,3354568.5985422134,1814.0719885875133,243.29941661321755,2,9960.0,92.60745442236762,7569.0,115.8314575125573,7488.0,80.00153865505997,2504.0,88.33550928499751,2305.0,80.34412460006499,596.0,80.33997999341696,4
dagger round 4,12,3111658.54442313,3416645.7257962227,248.36584388954907,638.2850314879579,2,9608.0,91.494161658963,7056.0,115.15506055569297,8867.0,80.02536215077154,2634.0,86.7255823858416,2551.0,80.34149748117304,617.0,80.32314367773468,4
dagger round 4,13,3190788.523975549,3348933.216776848,727.8554541749763,31.434004915759942,1,9506.0,80.0884759306983,8363.0,116.10066056622139,10097.0,81.62899976026024,1856.0,84.75765393083465,2315.0,83.86880747803345,373.0,80.00119720323475,4
dagger round 4,14,1919815.1529873612,2883439.633156061,4818.1224008435,0.0,0,9751.0,87.15011075281166,8066.0,104.55780556412982,6382.0,80.00122272774031,2514.0,80.1168938586896,1348.0,80.00003550986509,255.0,80.00000264130387,4
dagger round 4,15,1299908.2144515049,2554790.032647848,6201.454461583659,36.477314699028284,1,7297.0,80.00553453672711,8695.0,93.66834501592231,5974.0,80.00129635672447,2142.0,80.04125148364031,1639.0,80.01187340816105,306.0,80.00000043242585,4
dagger round 4,16,2987073.628946858,3243573.153208494,804.158051178425,239.16978506487794,2,9389.0,84.90089461856509,6992.0,113.142443631586,8253.0,80.00304823281128,2572.0,85.0242001861102,2585.0,80.0630119395671,599.0,80.01740301192703,4
dagger round 4,17,3074431.6930292663,3414104.8345541954,1698.3657076246454,0.0,0,10049.0,94.69517580975773,7742.0,114.81573238680141,8535.0,80.00265083259913,2532.0,85.46135632065236,2106.0,80.3449503478841,496.0,80.3748310309264,4
dagger round 4,18,2066361.511144133,2874351.7365586758,3906.6098241172485,66.67065147773246,1,8706.0,80.07888481941767,7942.0,108.89736671421937,6443.0,80.00126773686064,2515.0,80.48885006696045,1888.0,80.04634209229785,374.0,80.00000648001298,4
dagger round 4,19,2519776.9779553055,3150306.7206418514,2302.1130423698933,425.2678355314183,2,9121.0,91.48614595731274,7230.0,110.57452351324785,7086.0,80.00150482919706,3080.0,82.64570163248422,1926.0,80.0048324815457,551.0,80.00059187520438,4
dagger round 4,20,2939762.9107872364,3334519.886857271,1344.0268153053967,314.879032522389,2,9839.0,89.56484237935125,7337.0,115.45082745637201,7736.0,80.00161829060704,2437.0,87.84824173226433,2522.0,80.08426632179712,646.0,80.09225645670581,4
dagger round 4,21,3273040.6298009846,3459423.5672032833,0.0,465.9573435057464,3,9682.0,95.78627962178126,6941.0,104.4614811141799,10094.0,83.39285488822613,2777.0,81.77039876489017,2258.0,80.07844001450721,621.0,80.19278604627232,4
dagger round 4,22,873517.184269649,2305726.135766506,7161.0447574842865,0.0,0,7248.0,80.00260555536937,8287.0,86.89519672913389,6014.0,80.00103253025053,1612.0,80.00015842041958,1289.0,80.00001353381492,252.0,80.00000017502951,4
dagger round 4,23,2391175.9964910103,3140948.4001863003,2909.0926821109424,419.88466818275447,2,9499.0,92.53038566242282,7685.0,114.17067672776649,6618.0,80.00132109290993,2889.0,83.69987250117127,1764.0,80.00273242288706,372.0,80.00391562138834,4
dagger round 4,24,3457718.4651762494,3532929.6496856213,95.36566564835994,140.3451284492494,2,10059.0,95.75713841539928,7291.0,114.3021014083022,9956.0,81.15987141049018,2539.0,84.8381986473432,2348.0,80.66597542070245,491.0,80.57603525289936,4
dagger round 4,25,2194801.2583441096,3007060.1854658127,4061.294635608515,0.0,0,9551.0,89.82684643901888,7785.0,109.12197880861311,6486.0,80.00127093460397,2746.0,81.48573290928384,1595.0,80.00042856524357,325.0,80.00011749634376,4
dagger round 4,26,1208244.5340114557,2508238.5423505306,6499.970041695375,0.0,0,5078.0,80.00039516916985,8189.0,99.10990128035014,7305.0,80.00149422667762,1558.0,80.00619965738142,2400.0,80.1906917527318,299.0,80.00000025117676,4
dagger round 4,27,3217525.964597706,3503768.296505213,787.860227400628,321.67571606845195,2,10337.0,94.1463344857346,7991.0,116.53596824884205,8829.0,80.01079146340042,2223.0,90.64865976263691,2252.0,80.48389616539805,528.0,80.42931009196874,4
dagger round 4,28,1667219.7574958587,2685524.063680172,5091.521530921566,0.0,0,8853.0,80.12811207655498,7939.0,96.17964870999691,6140.0,80.00138061869805,2384.0,80.00232498467768,1601.0,80.00002919473475,349.0,80.00000033474242,4
dagger round 4,29,2457803.7144861976,3008710.7196569443,2754.5350258537346,0.0,0,9343.0,83.84306298592968,7347.0,107.38930154158271,7310.0,80.00150593165334,2732.0,80.4300200974086,2007.0,80.00374364330214,379.0,80.00010430655567,4
dagger round 5,0,3066444.9252536963,3308362.8679704666,1209.5897135838513,0.0,0,9810.0,85.2569807519971,7397.0,115.06495474979364,8419.0,80.00394546400837,2542.0,84.74016548985107,2455.0,80.14868788806581,512.0,80.04826872842386,5
dagger round 5,1,2738208.9404936195,3264002.485715151,2394.587373039368,117.19017653414448,2,9795.0,93.15664834073151,7660.0,115.31367349266695,7152.0,80.0028066218766,2666.0,86.31428019319006,2025.0,80.07091520274128,463.0,80.29903149244338,5
dagger round 5,2,2168154.014210259,2930358.499661684,3797.441816064432,6.790305596347025,1,9497.0,85.6708870308643,8027.0,106.87650624523873,6129.0,80.00228141081199,2797.0,80.2199043889194,1532.0,80.00007782218972,311.0,80.00000378709898,5
dagger round 5,3,3373596.058642935,3509397.781062126,71.6462485924585,303.6811817517482,2,10676.0,80.95749306797133,8623.0,116.6056004899651,10089.0,82.65268305364384,1901.0,87.02773528184343,2322.0,82.99849400429967,372.0,80.10583962163618,5
dagger round 5,4,2780184.2557886946,3183332.587506771,2014.1893319427018,0.7761633238405921,1,9189.0,80.26368640610515,7200.0,114.7450550024708,7824.0,80.00400916534211,2791.0,81.77445706010762,2590.0,80.58359810238179,499.0,80.01720234721839,5
dagger round 5,5,1832915.613215442,2713244.685755968,4401.64536270263,0.0,0,7839.0,80.0060127442673,8366.0,95.81316287213184,7368.0,80.00291606308194,1938.0,80.14096878630458,1921.0,80.06682431741285,320.0,80.00001215562224,5
dagger round 5,6,3087382.7741173627,3329423.717752695,1210.2047181766611,0.0,0,10246.0,98.56930277681714,7423.0,100.77117482093118,9813.0,80.01228703230902,2396.0,84.0176941063846,1777.0,80.0006735418778,414.0,80.00197603218797,5
dagger round 5,7,2515706.4700898733,3091254.6382057667,2494.330532378809,191.7051541003293,2,9567.0,87.44047192442164,7610.0,107.41298901173194,7267.0,80.00290081591886,2931.0,80.39500204990522,1858.0,80.0005866303254,364.0,80.0000318328103,5
dagger round 5,8,294755.4579085596,2196163.81344676,9507.041777691004,0.0,0,6911.0,80.00126446350804,7777.0,87.43527089291004,5898.0,80.00184038607861,1448.0,80.00001518189578,1319.0,80.00002784472329,203.0,80.00000162077654,5
dagger round 5,9,2109438.281863158,2757782.2572910786,3241.7198771396015,0.0,0,9600.0,80.38610153372089,7679.0,89.86259627860728,7683.0,80.00256235782916,2112.0,80.00023569855274,1611.0,80.00003736704348,357.0,80.00000295184907,5
dagger round 5,10,1552663.0002597473,2613584.1262328625,5304.605629865576,0.0,0,8107.0,80.01025387342958,8236.0,91.06691493129429,6966.0,80.002421168565,2025.0,80.00399850386161,1656.0,80.00024893649534,286.0,80.00000283017859,5
dagger round 5,11,2946283.3140513585,3343202.301391363,1730.9008451854952,126.84704575726391,2,9882.0,92.38891279255903,7432.0,116.04745277194597,7570.0,80.00284517000343,2556.0,88.17544247716059,2362.0,80.20532999676632,550.0,80.29455599351363,5
dagger round 5,12,3065385.3612317387,3403714.3688726425,372.7747828411739,659.4351276816724,2,9663.0,91.23131475549276,7072.0,115.34544605677483,8690.0,80.02679440629495,2588.0,86.339964850977,2560.0,80.25346118072048,637.0,80.16585932608864,5
dagger round 5,13,3248692.810893844,3420279.62659359,455.2915865309169,201.32124598390692,2,9682.0,80.11510949838114,8478.0,116.4927207501212,10251.0,83.45833538020719,1996.0,85.07398298603738,2201.0,84.41336179310385,376.0,80.00487166199278,5
dagger round 5,14,1979056.5419503683,2884808.0831706524,4528.75770610142,0.0,0,9948.0,85.67096540270725,8540.0,101.81287123336166,6202.0,80.0020719637451,2472.0,80.06846040969528,1334.0,80.00002907401975,240.0,80.00000396867593,5
dagger round 5,15,1364850.498077013,2579934.614789486,6075.420583562364,0.0,0,7505.0,80.00408976321059,8478.0,96.0315952467789,5939.0,80.00235344950529,2111.0,80.01167262633905,1760.0,80.00136194039474,295.0,80.00000408948478,5
dagger round 5,16,2957689.268756036,3262017.2853541374,715.90688611117,402.86659843966845,2,9388.0,84.41905701076624,6964.0,113.306162774152,8318.0,80.00537270005147,2655.0,84.3318796633776,2620.0,80.09856649164026,614.0,80.03452824653166,5
dagger round 5,17,2946454.5046507334,3369345.44695735,2114.4547115330806,0.0,0,9973.0,94.88870860819567,7727.0,114.47061755979017,8351.0,80.00401968171448,2559.0,85.36478851120097,2041.0,80.24700595081465,439.0,80.43056937719533,5
dagger round 5,18,2065011.2983353643,2872117.2077953815,3889.9691792593376,72.78018402037378,1,8704.0,80.05119241554948,8035.0,107.97674703553514,6563.0,80.00245529850064,2457.0,80.22954316608877,1871.0,80.07866622546597,370.0,80.00000749729774,5
dagger round 5,19,2438930.6733522606,3099693.9459085464,2509.008712729652,397.4038250258891,2,9227.0,90.26763445509079,7149.0,109.14813827627904,6883.0,80.00267587912805,3105.0,81.42761542870035,1934.0,80.00267299649141,503.0,80.00012804215281,5
dagger round 5,20,2938676.155196153,3320748.4313333035,1408.9353761943366,250.71300224570768,2,9733.0,90.05922603457753,7239.0,115.63952407910689,7716.0,80.00313592797552,2536.0,87.04258632537694,2468.0,80.08105813829015,637.0,80.0749198832729,5
dagger round 5,21,3247706.8099711337,3428805.3373277187,334.58965852691836,285.45148912800323,2,9697.0,96.25171957586898,6548.0,105.663894272171,9993.0,84.40832933827967,2829.0,81.77884909954118,2264.0,80.59700647217646,547.0,80.69763821919177,5
dagger round 5,22,835737.494321157,2298301.5436315536,7312.8202465519835,0.0,0,7298.0,80.00243374552586,7955.0,88.07973934988193,6016.0,80.00153947066754,1628.0,80.00003437298814,1298.0,80.00003019448238,268.0,80.00000481285267,5
dagger round 5,23,2218389.8743649903,3141150.439697504,3037.797946188225,788.002440237171,2,9693.0,91.56487861248308,7841.0,111.96629170206278,6523.0,80.00263212430008,2955.0,83.31335046448683,1731.0,80.00148379892231,352.0,80.00016152181409,5
dagger round 5,24,3357180.1788625014,3546263.617311716,318.19567974651,313.61075624978184,2,10280.0,95.8396176966016,7835.0,111.22717778942885,9723.0,82.44139907843878,2426.0,85.66077712834225,2185.0,81.18399355340604,483.0,81.15220408261933,5
dagger round 5,25,2287764.3461857745,3039012.4914336205,3651.7904446360917,52.22514080156907,1,9819.0,89.02194054564532,7969.0,108.14404388954415,6256.0,80.00252754849089,2873.0,80.78834174735762,1635.0,80.0001643199804,320.0,80.00001053139567,5
dagger round 5,26,1176154.7135067235,2501675.5587875843,6627.6042264043035,0.0,0,5031.0,80.00055013487719,7943.0,100.60801769194399,7287.0,80.00280158549519,1616.0,80.00108036295612,2407.0,80.09127386338393,304.0,80.00000796819988,5
dagger round 5,27,3188096.499062066,3500768.6528491974,872.4899271624818,345.43542088658796,2,10397.0,93.85857321097666,8114.0,116.7481905123504,8756.0,80.04021070969056,2155.0,90.6892398255607,2240.0,80.47899343978081,517.0,80.83665385237053,5
dagger round 5,28,1710028.3016327545,2690035.679872036,4900.036891196408,0.0,0,9024.0,80.09414313836618,8245.0,94.05466666244752,6133.0,80.00243336832118,2293.0,80.00225851174999,1600.0,80.00003712326289,326.0,80.00000550337364,5
dagger round 5,29,2456067.8687223955,3010040.5203950405,2590.902198717523,89.48052982285117,1,9556.0,83.00774197266061,7831.0,103.89285062696267,7200.0,80.00296606338686,2645.0,80.07784441378256,1888.0,80.00012006547492,423.0,80.00001487157023,5
