policy,seed,score,revenue,unsold,denied,nights_denied,sold_fri,night_price_fri,sold_sat,night_price_sat,sold_sun,night_price_sun,sold_fri_sat,night_price_fri_sat,sold_sat_sun,night_price_sat_sun,sold_fri_sat_sun,night_price_fri_sat_sun,n_seasons,history
"fitted, 2 seasons, history 0",0,3028738.5193196516,3290171.7875425424,1307.1663411144546,0.0,0,9748.0,84.21527112280407,7124.0,117.48120665185102,8424.0,80.0,2599.0,83.76783540778409,2502.0,80.0,511.0,80.0,2,0
"fitted, 2 seasons, history 0",1,2728518.752718076,3218457.4330827035,2328.0627814256004,60.8153101987682,2,10013.0,89.05590520391883,7653.0,115.10683115755252,7198.0,80.0,2551.0,85.31322528951685,2078.0,80.0,426.0,80.0,2,0
"fitted, 2 seasons, history 0",2,2146834.146078653,2924600.020614676,3776.368440215304,56.23046623240589,1,9806.0,83.88574258894087,8074.0,106.91317075661391,6095.0,80.0,2714.0,80.27993516923755,1529.0,80.0,295.0,80.0,2,0
"fitted, 2 seasons, history 0",3,3440130.6123403087,3483861.1329540145,218.65260306852906,0.0,0,10308.0,81.61686249031061,8478.0,118.43713237044642,10351.0,81.91944341695938,2124.0,85.3543322813292,1936.0,88.01424169091293,363.0,80.0,2,0
"fitted, 2 seasons, history 0",4,2759474.0324147944,3171863.075625971,2061.945216055883,0.0,0,9258.0,80.0,6779.0,117.68227849410098,7816.0,80.0,2953.0,80.68982672961816,2568.0,80.14423540680208,500.0,80.0,2,0
"fitted, 2 seasons, history 0",5,1890297.002736931,2738832.17675268,4242.675870078745,0.0,0,7786.0,80.0,8130.0,98.08021854276507,7585.0,80.0,2038.0,80.0,1932.0,80.0,319.0,80.0,2,0
"fitted, 2 seasons, history 0",6,3084017.989498633,3298340.6868613,1071.6134868133358,0.0,0,10401.0,94.48057732082536,7795.0,98.69995387544469,9722.0,80.48118372202362,2279.0,83.65160016296412,1782.0,80.0,406.0,80.0,2,0
"fitted, 2 seasons, history 0",7,2593342.906491761,3089970.719108656,2370.312715796693,56.41317364389033,1,9760.0,86.54135074054243,7597.0,107.50765330995347,7429.0,80.0,2754.0,81.02242078526606,1876.0,80.0,366.0,80.0,2,0
"fitted, 2 seasons, history 0",8,303469.2254684281,2198881.363182366,9477.060688569689,0.0,0,6859.0,80.0,7669.0,87.71956750324239,5979.0,80.0,1505.0,80.0,1322.0,80.0,195.0,80.0,2,0
"fitted, 2 seasons, history 0",9,2021058.8860803465,2724540.8559697866,3517.4098494472,0.0,0,9676.0,80.0,7499.0,89.98277849977153,7708.0,80.0,2010.0,80.0,1623.0,80.0,324.0,80.0,2,0
"fitted, 2 seasons, history 0",10,1537722.40199546,2610464.3373523653,5363.709676784526,0.0,0,8166.0,80.0,7865.0,92.03106641479533,7061.0,80.0,2038.0,80.0,1687.0,80.0,302.0,80.0,2,0
"fitted, 2 seasons, history 0",11,2908674.6888113525,3299324.759726543,1859.8589739534136,46.69569031126957,2,10014.0,88.58312642969979,7506.0,117.90054780687187,7442.0,80.0,2430.0,87.71504708882344,2318.0,80.02517061463917,561.0,80.0,2,0
"fitted, 2 seasons, history 0",12,3075394.8170563783,3380023.1487777596,323.28350038834833,599.929079109279,2,9634.0,88.5974221423389,6834.0,117.55031497751311,8707.0,80.17764709402995,2678.0,85.26139991320363,2593.0,80.02504822971551,639.0,80.0,2,0
"fitted, 2 seasons, history 0",13,3329124.4766064365,3448400.2765458077,210.25580557865032,193.0615970591025,2,9598.0,80.0,8354.0,118.61915676217987,10673.0,83.6586320585089,2432.0,80.29964753083493,1805.0,88.8794496367554,355.0,80.08916639945876,2,0
"fitted, 2 seasons, history 0",14,1972212.453550445,2858956.4242533897,4433.719853514724,0.0,0,10166.0,83.19459637699562,8595.0,100.30810793641268,6141.0,80.0,2414.0,80.16817932298783,1361.0,80.0,229.0,80.0,2,0
"fitted, 2 seasons, history 0",15,1295088.4168360145,2557790.151748075,6313.508674560303,0.0,0,7513.0,80.0,8259.0,96.91610991016772,6017.0,80.0,2069.0,80.0,1713.0,80.0,291.0,80.0,2,0
"fitted, 2 seasons, history 0",16,2969869.757583949,3269037.06608817,617.5365681184703,439.14998720131734,2,9448.0,83.48002574259098,6671.0,116.08424196921355,8403.0,80.0,2779.0,83.22414622086121,2656.0,80.0,609.0,80.0,2,0
"fitted, 2 seasons, history 0",17,2849454.638480709,3303224.4949943386,2268.8492825681496,0.0,0,10053.0,90.62144346472951,7676.0,114.39524680111798,8237.0,80.0,2550.0,84.11238532907822,2071.0,80.0,395.0,80.01353942593441,2,0
"fitted, 2 seasons, history 0",18,2028636.798449062,2863056.7746767215,4009.2512170685386,81.42433203487963,1,8522.0,80.0,7859.0,109.7056590758012,6436.0,80.0,2648.0,80.0,1831.0,80.0,365.0,80.0,2,0
"fitted, 2 seasons, history 0",19,2461805.1694718944,3112161.184144304,2447.1021481787384,402.3389625916552,2,9549.0,88.50556816055658,7345.0,110.63630996422158,7024.0,80.0,2932.0,81.8959442516954,1915.0,80.0,441.0,80.0,2,0
"fitted, 2 seasons, history 0",20,2962780.4298490775,3302931.3976452313,1329.3278401391217,185.71349942082452,2,9772.0,87.26240212776909,7141.0,117.65020320835467,7865.0,80.0,2571.0,86.45334557405894,2452.0,80.0,600.0,80.0,2,0
"fitted, 2 seasons, history 0",21,3287154.9819798414,3375609.7609543614,160.23049766916847,141.0216986017167,2,9898.0,91.76994022290012,6929.0,102.36772446606729,9796.0,85.00602271451956,2509.0,82.27191130108403,2334.0,80.0,579.0,80.0031550848834,2,0
"fitted, 2 seasons, history 0",22,792652.5151581897,2281741.401140243,7445.444429910265,0.0,0,7404.0,80.0,7833.0,87.91285601177619,6035.0,80.0,1656.0,80.0,1217.0,80.0,243.0,80.0,2,0
"fitted, 2 seasons, history 0",23,2274512.861224684,3099370.7248729654,3051.1901903713606,536.5495639350229,2,9743.0,88.99860964893965,7750.0,113.31932822366154,6493.0,80.0,2842.0,82.73618531491368,1725.0,80.0,368.0,80.0,2,0
"fitted, 2 seasons, history 0",24,3383789.02085683,3459066.038019564,376.38508581367023,0.0,0,10209.0,92.06570492129057,7486.0,112.99238243180838,9500.0,82.75468640402744,2325.0,84.39070123770544,2366.0,80.0,484.0,80.0,2,0
"fitted, 2 seasons, history 0",25,2228079.360780421,2992450.053393077,3821.8534630632803,0.0,0,9835.0,86.81872750537676,7958.0,107.22874509110966,6361.0,80.0,2713.0,81.07289254379765,1599.0,80.0,336.0,80.0,2,0
"fitted, 2 seasons, history 0",26,1165152.074986696,2487374.575318992,6603.384697642009,3.8639020097361936,1,4923.0,80.0,8225.0,98.2096748108197,7303.0,80.0,1545.0,80.0,2352.0,80.0,325.0,80.0,2,0
"fitted, 2 seasons, history 0",27,3139338.8921191082,3445525.945201423,1052.6922439816863,239.12151071494372,2,10203.0,91.44375504075671,7807.0,118.30219544891415,8551.0,80.0,2367.0,88.82004183234295,2210.0,81.44779702710889,518.0,80.04294192842765,2,0
"fitted, 2 seasons, history 0",28,1725633.9191290778,2704404.976823167,4893.855288470446,0.0,0,8980.0,80.0,7877.0,96.46375229442262,6161.0,80.0,2441.0,80.0,1635.0,80.0,338.0,80.0,2,0
"fitted, 2 seasons, history 0",29,2486051.123390739,3002288.077716902,2518.1076311624283,31.538570234193685,1,9743.0,81.76800456356492,7633.0,105.03110300721721,7146.0,80.0,2627.0,80.0,1961.0,80.0,409.0,80.0,2,0
"fitted, 5 seasons, history 0",0,3013303.7825503834,3272970.611819532,1298.3341463457418,0.0,0,9939.0,82.7998729444765,7453.0,113.76618499930473,8492.0,80.0,2381.0,84.9985925713065,2477.0,80.0,507.0,80.0,5,0
"fitted, 5 seasons, history 0",1,2729906.750661607,3222698.7220295146,2267.056178397871,98.45183922083379,2,10138.0,87.95157788480485,7887.0,113.85358757975533,7238.0,80.0,2382.0,86.20536947771468,2084.0,80.0,458.0,80.0,5,0
"fitted, 5 seasons, history 0",2,2181324.906700315,2943894.3021421554,3691.3769327978316,60.7350222056848,2,9743.0,84.40983917784773,8045.0,107.28718305954327,6123.0,80.0,2781.0,80.3387003449046,1571.0,80.0,293.0,80.0,5,0
"fitted, 5 seasons, history 0",3,3415414.1981448126,3433056.0167795885,88.20909317388032,0.0,0,10331.0,81.07093226181527,8379.0,115.4802078203786,10352.0,81.02709475161949,2163.0,82.72653165982732,2129.0,82.40293170089674,334.0,80.20400223974696,5,0
"fitted, 5 seasons, history 0",4,2733578.584077927,3155033.857992161,2107.276369571171,0.0,0,9366.0,80.0,7048.0,113.75040018142684,7855.0,80.0,2835.0,80.51393630426554,2499.0,80.38555795683854,489.0,80.0,5,0
"fitted, 5 seasons, history 0",5,1846846.2677072797,2720720.971256243,4369.373517744817,0.0,0,7739.0,80.0,8287.0,96.80716438472825,7464.0,80.0,1974.0,80.0,1926.0,80.0,326.0,80.0,5,0
"fitted, 5 seasons, history 0",6,3095810.1346319597,3291254.4364326303,977.2215090033533,0.0,0,10427.0,93.5902975547969,8049.0,97.30868120040628,9664.0,80.0,2268.0,83.50767831717219,1781.0,80.0,397.0,80.0,5,0
"fitted, 5 seasons, history 0",7,2553583.6769759348,3079140.6179371104,2516.492433265961,55.64613576995907,1,9698.0,86.17097270226917,7626.0,108.31622496238987,7203.0,80.0,2797.0,80.81426405207702,1880.0,80.0,368.0,80.0,5,0
"fitted, 5 seasons, history 0",8,310084.4006928762,2200051.9999468327,9449.837996269782,0.0,0,6950.0,80.0,7718.0,87.28323399155644,5909.0,80.0,1484.0,80.0,1337.0,80.0,193.0,80.0,5,0
"fitted, 5 seasons, history 0",9,2037516.042247374,2733725.303042829,3481.046303977274,0.0,0,9716.0,80.0,7694.0,90.11246465334403,7721.0,80.0,1928.0,80.0,1617.0,80.0,326.0,80.0,5,0
"fitted, 5 seasons, history 0",10,1513252.0980227722,2608713.5027597984,5477.307023685131,0.0,0,7956.0,80.0,8045.0,92.73753918704766,7015.0,80.0,2093.0,80.0,1640.0,80.0,282.0,80.0,5,0
"fitted, 5 seasons, history 0",11,2903598.7493497035,3278995.1857552305,1784.927393866179,46.02739408072739,2,9965.0,87.7224695023525,7560.0,114.6291445001674,7536.0,80.0,2429.0,88.0044200192384,2275.0,80.01735654715654,599.0,80.0,5,0
"fitted, 5 seasons, history 0",12,3073138.9255551863,3369482.213547714,265.5031576520414,608.1066411552983,2,10070.0,86.78805682424164,7339.0,113.87201562920279,8852.0,80.0,2321.0,86.61347665335664,2589.0,80.0,564.0,80.0,5,0
"fitted, 5 seasons, history 0",13,3243859.0781661994,3400065.823336467,401.93635132872623,189.54868726130553,2,9565.0,80.0,8403.0,115.54497899502023,10495.0,83.21229939705817,2256.0,80.56772734679228,2036.0,85.20301986258836,334.0,80.0,5,0
"fitted, 5 seasons, history 0",14,1997062.7220493928,2869720.515424278,4363.288966874427,0.0,0,10182.0,83.54247372680143,8710.0,99.62044227220396,6271.0,80.0,2388.0,80.17525036580598,1300.0,80.0,245.0,80.0,5,0
"fitted, 5 seasons, history 0",15,1305391.6209479738,2564384.8337378865,6294.966063949563,0.0,0,7476.0,80.0,8233.0,97.26525370313209,5909.0,80.0,2182.0,80.0,1707.0,80.0,294.0,80.0,5,0
"fitted, 5 seasons, history 0",16,2906999.988329711,3246894.5026798174,782.2295967343671,458.6214875080823,2,9686.0,82.85494420773576,6948.0,113.21643410303625,8171.0,80.0,2554.0,84.14520926699159,2689.0,80.0,600.0,80.0,5,0
"fitted, 5 seasons, history 0",17,2848652.2262506676,3297118.3105308004,2242.330421400664,0.0,0,10200.0,89.43734902483868,7901.0,112.66078858917213,8240.0,80.0,2368.0,84.89959033665474,2061.0,80.0,432.0,80.0,5,0
"fitted, 5 seasons, history 0",18,2095666.9599694223,2882067.989340797,3795.8042529478835,68.10044695449506,1,8707.0,80.0,7920.0,108.93787744201983,6547.0,80.0,2564.0,80.0,1861.0,80.0,379.0,80.0,5,0
"fitted, 5 seasons, history 0",19,2442526.5729742325,3104025.523101408,2473.6758257835327,416.90946242617247,2,9553.0,87.43462685383307,7299.0,111.02461189272246,6815.0,80.0,2878.0,81.86134304408608,2053.0,80.0,473.0,80.0,5,0
"fitted, 5 seasons, history 0",20,2900238.912279812,3274420.9646077454,1466.2588766283334,202.32569250566667,2,9882.0,86.11655162578757,7336.0,114.50046462672606,7687.0,80.0,2458.0,87.55121906835849,2451.0,80.0,608.0,80.0,5,0
"fitted, 5 seasons, history 0",21,3331102.2606655704,3400144.919407256,0.0,172.60664685421398,3,10115.0,90.79544315954512,7399.0,101.2632989077292,9946.0,84.80611598784718,2350.0,82.5849049559299,2327.0,80.04617207850517,530.0,80.71465123824353,5,0
"fitted, 5 seasons, history 0",22,851300.1977344209,2304317.4080598354,7265.086051627073,0.0,0,7376.0,80.0,7927.0,88.35592381226635,6095.0,80.0,1643.0,80.0,1283.0,80.0,242.0,80.0,5,0
"fitted, 5 seasons, history 0",23,2283996.3647809234,3102100.2729278617,2991.772108399775,549.373716167458,2,9858.0,88.3159128191952,7903.0,111.80614711401185,6549.0,80.0,2738.0,83.615417040577,1754.0,80.0,356.0,80.0,5,0
"fitted, 5 seasons, history 0",24,3448350.809664975,3462634.457016997,71.41823676010972,0.0,0,10253.0,90.78878559540941,7643.0,111.97904679424653,9925.0,80.69831233757269,2315.0,84.07928219366795,2332.0,80.0,467.0,80.35928419111117,5,0
"fitted, 5 seasons, history 0",25,2223483.9572220673,2997148.342427034,3868.3219260248325,0.0,0,9834.0,87.30066504085485,8050.0,107.12715370891303,6382.0,80.0,2745.0,80.96539436402868,1550.0,80.0,305.0,80.0,5,0
"fitted, 5 seasons, history 0",26,1142727.6845174073,2487502.637835685,6691.278673601896,16.298046494746814,1,4931.0,80.0,8295.0,98.64046266855759,7251.0,80.0,1541.0,80.0,2393.0,80.0,272.0,80.0,5,0
"fitted, 5 seasons, history 0",27,3164919.4351126933,3433219.5508290315,860.6136995043726,240.44343953865973,2,10427.0,89.16260510572528,8054.0,115.67297396931158,8776.0,80.0,2183.0,90.145922553185,2255.0,80.30549664322923,474.0,80.20819079791066,5,0
"fitted, 5 seasons, history 0",28,1704370.0065036,2690483.8749014633,4930.569341989317,0.0,0,8952.0,80.0,7978.0,94.90146338699715,6121.0,80.0,2419.0,80.0,1597.0,80.0,354.0,80.0,5,0
"fitted, 5 seasons, history 0",29,2561749.7528257924,3028225.4750164226,2267.266145567466,32.55623269284297,2,9642.0,82.19069019235089,7596.0,104.43165352577348,7403.0,80.0,2702.0,80.0,1946.0,80.0,444.0,80.0,5,0
"fitted, 20 seasons, history 0",0,2968313.96152322,3270171.9106744975,1509.2897457563886,0.0,0,9868.0,84.31573288654512,7548.0,113.89955761161335,8392.0,80.0,2457.0,85.18323111469529,2345.0,80.0,472.0,80.0,20,0
"fitted, 20 seasons, history 0",1,2746697.90149293,3239716.853427696,2303.5097322695538,80.79251370213751,2,9914.0,91.22181013327213,7733.0,113.93546136371856,7233.0,80.0,2552.0,85.63497355815058,2030.0,80.0,474.0,80.0,20,0
"fitted, 20 seasons, history 0",2,2197100.448534447,2951045.768057592,3671.6212914186262,49.05265309855167,2,9677.0,84.95462799858822,8016.0,107.99149612216242,6139.0,80.0,2807.0,80.0,1581.0,80.0,292.0,80.0,20,0
"fitted, 20 seasons, history 0",3,3431982.5788178956,3449380.7747788727,86.99097980488659,0.0,0,10652.0,80.3740268608837,8573.0,115.2784964603988,10225.0,81.64310140423204,1812.0,87.62514276580092,2276.0,82.21422184451838,326.0,80.12343908380146,20,0
"fitted, 20 seasons, history 0",4,2675261.282187475,3138564.933717251,2316.5182576488805,0.0,0,9210.0,80.0,7120.0,113.26228818230415,7815.0,80.0,2723.0,81.7107052090323,2514.0,80.33829381281929,505.0,80.0,20,0
"fitted, 20 seasons, history 0",5,1863812.2677826863,2729860.4409559444,4315.0938314824425,7.573517191924111,1,7759.0,80.0,8269.0,97.05894799322098,7371.0,80.0,2001.0,80.0,1986.0,80.0,329.0,80.0,20,0
"fitted, 20 seasons, history 0",6,3127199.2907633046,3320813.080158159,968.068946974272,0.0,0,10260.0,96.90143312531983,7928.0,97.494288013156,9789.0,80.0,2353.0,83.60171290354378,1712.0,80.0,430.0,80.0,20,0
"fitted, 20 seasons, history 0",7,2593155.982491243,3114871.6764402017,2424.833017457793,91.87272614349968,2,9448.0,88.52237428946201,7434.0,109.80552862412107,7259.0,80.0,2987.0,80.61231743583002,1892.0,80.0,405.0,80.0,20,0
"fitted, 20 seasons, history 0",8,326860.0726211206,2203642.1885192394,9383.910579490594,0.0,0,6868.0,80.0,7910.0,86.65008704415163,5938.0,80.0,1501.0,80.0,1297.0,80.0,192.0,80.0,20,0
"fitted, 20 seasons, history 0",9,2049313.727008141,2732206.159082353,3414.4621603710602,0.0,0,9665.0,80.0,7702.0,89.18802377075475,7749.0,80.0,1999.0,80.0,1600.0,80.0,318.0,80.0,20,0
"fitted, 20 seasons, history 0",10,1545595.9230095427,2615219.0279704332,5348.115524804452,0.0,0,8074.0,80.0,8138.0,91.78901793689275,6984.0,80.0,2025.0,80.0,1683.0,80.0,293.0,80.0,20,0
"fitted, 20 seasons, history 0",11,2890515.542023381,3295450.5674547097,1935.388528828751,44.6432991639449,2,9903.0,90.67878916821256,7601.0,114.74567561569468,7434.0,80.0,2470.0,87.96230414752596,2223.0,80.11886750423741,582.0,80.07695908040525,20,0
"fitted, 20 seasons, history 0",12,3054652.332056319,3377556.6230497137,385.90380942515367,614.3088227709104,2,9766.0,89.54185942662816,7181.0,114.01196718924064,8745.0,80.0,2542.0,86.31266338450294,2510.0,80.0,601.0,80.06506203910872,20,0
"fitted, 20 seasons, history 0",13,3251297.817004378,3408990.3329633176,368.99979146645455,209.73139416412232,2,9753.0,80.0,8457.0,115.22701315048796,10395.0,83.63910242506608,2079.0,81.7553488472266,2156.0,84.02381444761119,344.0,80.03641922113508,20,0
"fitted, 20 seasons, history 0",14,1972949.6658578876,2869278.7939740904,4481.645640581014,0.0,0,10096.0,84.43855211183003,8628.0,100.32303799873138,6213.0,80.0,2475.0,80.0,1288.0,80.0,217.0,80.0,20,0
"fitted, 20 seasons, history 0",15,1285106.6375116843,2557597.526169863,6362.454443290894,0.0,0,7379.0,80.0,8332.0,97.03282839292643,5926.0,80.0,2142.0,80.0,1686.0,80.0,301.0,80.0,20,0
"fitted, 20 seasons, history 0",16,2927348.3404496606,3254142.798254378,752.0671894173629,440.95254980311256,2,9545.0,83.69940384512113,6920.0,112.96257463199318,8283.0,80.0,2658.0,84.32110084637024,2639.0,80.0,585.0,80.0,20,0
"fitted, 20 seasons, history 0",17,2902245.8439131854,3339500.552105014,2186.273540959144,0.0,0,10087.0,92.32818165686406,7786.0,113.9661683501126,8252.0,80.0,2441.0,85.74469417416014,2112.0,80.0,434.0,80.0,20,0
"fitted, 20 seasons, history 0",18,2095746.88055755,2889281.106352024,3780.011826269055,93.82965135165796,1,8703.0,80.0,7936.0,109.13320392540622,6556.0,80.0,2560.0,80.0,1893.0,80.0,375.0,80.0,20,0
"fitted, 20 seasons, history 0",19,2476375.1059524934,3136799.3918102235,2358.5521508935235,471.7846391975636,2,9271.0,89.49005617917133,7140.0,111.92620166456354,6974.0,80.0,3111.0,81.84892335071399,2023.0,80.0,488.0,80.0,20,0
"fitted, 20 seasons, history 0",20,2975105.6037218063,3308298.6593601853,1322.0056747453855,171.97980172325515,2,9748.0,88.67214263408802,7319.0,114.45940436933036,7898.0,80.0,2508.0,87.4071436172182,2412.0,80.0,625.0,80.0,20,0
"fitted, 20 seasons, history 0",21,3324961.2858776385,3397632.5125542097,30.884805417043026,166.23566398290677,2,9862.0,93.74156752488699,7172.0,100.7967479156831,9965.0,83.5074576190778,2543.0,82.33039511557385,2288.0,80.0,553.0,80.33435373151065,20,0
"fitted, 20 seasons, history 0",22,856468.0274439207,2301905.229192376,7227.1860087422765,0.0,0,7334.0,80.0,8094.0,87.41107353501064,6092.0,80.0,1625.0,80.0,1279.0,80.0,232.0,80.0,20,0
"fitted, 20 seasons, history 0",23,2329495.797985157,3139139.6306151734,2925.1710644342556,561.5240493579131,2,9714.0,91.62303068287002,7755.0,113.08277851518521,6581.0,80.0,2850.0,82.91869529412504,1808.0,80.0,349.0,80.0,20,0
"fitted, 20 seasons, history 0",24,3478134.5626280685,3493844.6929639205,78.55065167925932,0.0,0,10018.0,93.96787526798828,7497.0,112.6006148555447,9952.0,80.86591535526361,2469.0,84.62707754980461,2278.0,80.0,503.0,80.29265102761877,20,0
"fitted, 20 seasons, history 0",25,2276191.4853090616,3028038.5737380013,3759.235442144698,0.0,0,9573.0,89.55559357549346,7770.0,108.66757450702012,6425.0,80.0,2962.0,80.57660744771371,1617.0,80.0,318.0,80.0,20,0
"fitted, 20 seasons, history 0",26,1147774.6642782378,2499044.7449441813,6627.82141248694,64.26449542138835,1,4909.0,80.0,8320.0,98.53903184425256,7289.0,80.0,1534.0,80.0,2433.0,80.0,286.0,80.0,20,0
"fitted, 20 seasons, history 0",27,3218728.550542813,3473155.14351774,792.9456866750043,239.59363909981585,2,10450.0,92.51246902512734,8093.0,115.68485573688599,8845.0,80.0,2112.0,90.06902492428763,2276.0,80.12980143089496,488.0,80.16385746783898,20,0
"fitted, 20 seasons, history 0",28,1715044.4677210005,2696905.89982874,4909.307160538697,0.0,0,8977.0,80.0,8070.0,95.20023541867904,6036.0,80.0,2429.0,80.0,1583.0,80.0,357.0,80.0,20,0
"fitted, 20 seasons, history 0",29,2528855.389303048,3021682.8567064274,2434.128452324475,15.004442346209544,1,9604.0,82.89494380466593,7608.0,105.07358259810933,7256.0,80.0,2736.0,80.0,1933.0,80.0,411.0,80.0,20,0
"fitted, 100 seasons, history 0",0,3002873.041703677,3294623.376650312,1458.7516747331756,0.0,0,9511.0,86.2095232461607,6990.0,118.70280470176851,8301.0,80.0,2751.0,84.09887244469567,2517.0,80.0,481.0,80.0,100,0
"fitted, 100 seasons, history 0",1,2805637.4877500306,3283255.183344763,2229.905687285972,79.09139534384485,2,9545.0,94.97169071404315,7239.0,118.18131799356388,7265.0,80.0,2902.0,84.62367927701791,2108.0,80.0,465.0,80.0,100,0
"fitted, 100 seasons, history 0",2,2160873.637893735,2918462.620159732,3787.944911329986,0.0,0,9641.0,85.20714494854617,8026.0,106.58616193755277,6055.0,80.0,2729.0,80.0,1556.0,80.0,298.0,80.0,100,0
"fitted, 100 seasons, history 0",3,3476104.7466644524,3505413.6077281833,146.54430531865364,0.0,0,10466.0,82.178141250224,8489.0,119.09620841403148,10271.0,82.58801285000834,1843.0,88.42597612338237,2175.0,84.28516068537988,389.0,80.11087508311921,100,0
"fitted, 100 seasons, history 0",4,2744270.8809488607,3179592.706609033,2176.6091283008627,0.0,0,8999.0,81.38068485662717,6748.0,118.49486996739921,7906.0,80.0,2883.0,82.17213684430025,2641.0,80.0,495.0,80.0,100,0
"fitted, 100 seasons, history 0",5,1817293.6097744321,2710166.3381142123,4464.3636416989,0.0,0,7671.0,80.0,8160.0,97.2948943767417,7483.0,80.0,2013.0,80.0,1917.0,80.0,313.0,80.0,100,0
"fitted, 100 seasons, history 0",6,3134408.4337117393,3353984.4500910025,1097.8800818963173,0.0,0,10090.0,100.84269802545901,7343.0,100.58714140359153,9702.0,80.0,2489.0,83.63805698825801,1881.0,80.0,435.0,80.0,100,0
"fitted, 100 seasons, history 0",7,2578629.8117540004,3097610.2073731087,2485.7994516861645,54.55126320468844,1,9354.0,89.56785626450595,7345.0,109.4884247617318,7330.0,80.0,3054.0,80.0,1792.0,80.0,391.0,80.0,100,0
"fitted, 100 seasons, history 0",8,235167.11781901866,2175259.304691553,9700.460934362673,0.0,0,6894.0,80.0,7545.0,87.86471897833707,5893.0,80.0,1426.0,80.0,1322.0,80.0,207.0,80.0,100,0
"fitted, 100 seasons, history 0",9,2001797.1016569508,2724874.3927267077,3615.3864553487847,0.0,0,9575.0,80.52665125670072,7250.0,91.11058026811011,7637.0,80.0,2116.0,80.0,1619.0,80.0,353.0,80.0,100,0
"fitted, 100 seasons, history 0",10,1413075.1418246448,2569729.1437819414,5783.270009786483,0.0,0,8016.0,80.0,7900.0,92.34039794708119,6805.0,80.0,1981.0,80.0,1687.0,80.0,282.0,80.0,100,0
"fitted, 100 seasons, history 0",11,3011461.70421624,3356285.6287335046,1675.240495943157,24.439563321582682,1,9705.0,93.86706717020992,7176.0,118.94789310888342,7568.0,80.0,2631.0,87.82509709184147,2424.0,80.0,568.0,80.0,100,0
"fitted, 100 seasons, history 0",12,3121162.0635187495,3422512.1399392746,299.01291231347386,603.868734894575,2,9511.0,92.86208784580191,6737.0,118.7609133624006,8719.0,80.0,2756.0,85.6909559352975,2642.0,80.0,611.0,80.0,100,0
"fitted, 100 seasons, history 0",13,3270049.2059814953,3450366.6154127265,491.3656179216687,205.1107146172435,2,9799.0,80.0,8493.0,119.15289816154804,10306.0,84.04288767248698,1853.0,86.15749284874344,2223.0,85.68497131727509,367.0,80.0,100,0
"fitted, 100 seasons, history 0",14,1957528.107842456,2857478.7888755836,4499.753405165638,0.0,0,10036.0,84.87267385563939,8447.0,100.00433693150072,6249.0,80.0,2434.0,80.0,1336.0,80.0,241.0,80.0,100,0
"fitted, 100 seasons, history 0",15,1312699.8511492147,2562826.51913383,6250.633339923077,0.0,0,7517.0,80.0,8167.0,97.16499560840333,5949.0,80.0,2146.0,80.0,1696.0,80.0,322.0,80.0,100,0
"fitted, 100 seasons, history 0",16,2958293.772897873,3279135.626510065,726.9534831109286,438.62789247501496,2,8977.0,88.02826332802947,6341.0,118.0410273339493,8404.0,80.0,3223.0,80.59692092612039,2572.0,80.0,571.0,80.0,100,0
"fitted, 100 seasons, history 0",17,3021046.458016832,3396803.62705227,1878.78584517719,0.0,0,9557.0,96.49633566840456,7196.0,117.90113976354162,8552.0,80.0,2880.0,84.08533773105592,2136.0,80.0,483.0,80.0,100,0
"fitted, 100 seasons, history 0",18,2150925.629223571,2905550.2543295547,3631.409400289668,70.85686262012496,1,8858.0,80.26423479302738,7754.0,110.62286078577742,6541.0,80.0,2605.0,80.0,1980.0,80.0,333.0,80.0,100,0
"fitted, 100 seasons, history 0",19,2432873.2823119797,3129160.287963408,2563.9958775759324,458.71957534060493,2,8900.0,92.11236130662283,6788.0,115.55715412669046,6843.0,80.0,3482.0,80.03422029329263,1954.0,80.0,448.0,80.0,100,0
"fitted, 100 seasons, history 0",20,2987032.565358587,3316201.6296533216,1320.481980076056,162.68167069880838,2,9467.0,89.72957336554447,6876.0,118.76007345031677,7766.0,80.0,2723.0,86.30277655676713,2545.0,80.041762756224,631.0,80.0,100,0
"fitted, 100 seasons, history 0",21,3382159.5001061223,3456330.8866635943,40.40773303645619,165.22459987545153,2,9499.0,97.256908506988,6737.0,105.78795234764448,9916.0,85.22907048438275,2849.0,81.45941577362738,2345.0,80.22504266518266,557.0,80.34195911948514,100,0
"fitted, 100 seasons, history 0",22,819542.7098021759,2294821.13863962,7376.392144187221,0.0,0,7347.0,80.0,7792.0,88.85281553383214,6055.0,80.0,1667.0,80.0,1283.0,80.0,243.0,80.0,100,0
"fitted, 100 seasons, history 0",23,2352383.9933263827,3155296.184707158,2891.0390758034764,561.7609405502008,2,9193.0,93.85964706592787,7210.0,118.16099211308342,6625.0,80.0,3306.0,81.00781852612694,1809.0,80.0,356.0,80.0,100,0
"fitted, 100 seasons, history 0",24,3514301.5077757183,3529589.1965211555,76.43844372718559,0.0,0,9624.0,97.78816760450304,7020.0,116.7026780439737,9885.0,81.45073895672685,2792.0,83.32349845851347,2328.0,80.01300345991076,524.0,80.32032922251534,100,0
"fitted, 100 seasons, history 0",25,2236381.0039863703,3018202.4717141315,3909.107338638807,0.0,0,9458.0,90.67642929568511,7709.0,109.82809747509945,6317.0,80.0,3036.0,80.0,1569.0,80.0,299.0,80.0,100,0
"fitted, 100 seasons, history 0",26,1161209.621233722,2484664.497045912,6617.274379060949,0.0,0,4900.0,80.0,8259.0,98.0971663695256,7373.0,80.0,1526.0,80.0,2335.0,80.0,312.0,80.0,100,0
"fitted, 100 seasons, history 0",27,3296633.743963805,3524616.792990379,668.6393428478623,235.63795114250388,2,10241.0,95.35664974152641,7761.0,119.09605138644388,8860.0,80.0,2239.0,91.07013105074972,2364.0,80.1633030962823,533.0,80.13805146512574,100,0
"fitted, 100 seasons, history 0",28,1654387.9238277448,2675004.78998594,5103.084330790975,0.0,0,9023.0,80.29162555526739,7839.0,95.47817994651898,6039.0,80.0,2344.0,80.0,1605.0,80.0,363.0,80.0,100,0
"fitted, 100 seasons, history 0",29,2454622.803984249,2992114.3077360573,2687.4575187590417,0.0,0,9465.0,83.80340731150248,7635.0,104.36608481109185,7171.0,80.0,2635.0,80.0,1926.0,80.0,411.0,80.0,100,0
"fitted, 2 seasons, history 1",0,2933424.522366987,3247404.209358841,1569.8984349592702,0.0,0,10031.0,83.92050091296437,7753.0,110.71375849373868,8314.0,80.0,2287.0,85.0795573019107,2397.0,80.0,456.0,80.0,2,1
"fitted, 2 seasons, history 1",1,2710528.9670107723,3225386.0968927946,2394.072323877951,90.10666276608026,2,10068.0,91.23478525580452,7996.0,110.9139228364422,7127.0,80.0,2386.0,86.38024977727638,2045.0,80.0,460.0,80.0,2,1
"fitted, 2 seasons, history 1",2,2127107.680290441,2929221.804303527,3833.985689711468,88.29246517698084,2,9740.0,84.89826483342192,8158.0,106.28005697793544,5901.0,80.0,2729.0,80.0,1591.0,80.0,300.0,80.0,2,1
"fitted, 2 seasons, history 1",3,3399100.599277009,3416742.5947689265,88.20997745958812,0.0,0,10696.0,80.36275632127774,8657.0,112.41278131997095,10167.0,81.13866332282684,1727.0,87.04800411152854,2312.0,80.61083673554309,357.0,80.0,2,1
"fitted, 2 seasons, history 1",4,2614154.2492912672,3122012.2756216675,2539.290131652,0.0,0,9277.0,80.0,7479.0,110.66295660803074,7752.0,80.0,2496.0,83.0694431732767,2446.0,80.53993516541463,514.0,80.0,2,1
"fitted, 2 seasons, history 1",5,1948501.7385358417,2765815.5172346346,4034.6436101071486,25.96264169340793,1,7765.0,80.0,8286.0,97.3854112037937,7619.0,80.0,2066.0,80.0,1963.0,80.0,348.0,80.0,2,1
"fitted, 2 seasons, history 1",6,3199215.3344373303,3359830.473229857,803.0756939626335,0.0,0,10169.0,97.95319402932371,8066.0,98.41596163748912,9588.0,80.0,2414.0,83.74509042619658,1813.0,80.0,452.0,80.0,2,1
"fitted, 2 seasons, history 1",7,2544895.9256369276,3090235.5614149245,2497.692127491211,114.50302569938685,2,9621.0,87.03145846499932,7702.0,107.27752617208512,7123.0,80.0,2747.0,81.18208826825017,1912.0,80.0,437.0,80.0,2,1
"fitted, 2 seasons, history 1",8,384945.9650051275,2215044.3693220615,9150.49202158467,0.0,0,6935.0,80.0,8339.0,84.40392964648777,5852.0,80.0,1439.0,80.0,1317.0,80.0,197.0,80.0,2,1
"fitted, 2 seasons, history 1",9,2176299.337488969,2770660.7974791527,2971.8072999509177,0.0,0,9720.0,80.0,8107.0,87.96605371643675,7595.0,80.0,2047.0,80.0,1657.0,80.0,332.0,80.0,2,1
"fitted, 2 seasons, history 1",10,1558977.77538355,2617220.796149373,5291.215103829115,0.0,0,7967.0,80.0,8399.0,90.47991381704644,6974.0,80.0,2005.0,80.0,1723.0,80.0,273.0,80.0,2,1
"fitted, 2 seasons, history 1",11,2913581.133185255,3297376.4864183776,1826.5541231263815,46.21132151961683,2,9972.0,91.22245840850628,7784.0,111.79621021227887,7603.0,80.0,2390.0,87.6593907125076,2190.0,80.15147032680576,579.0,80.1203818302698,2,1
"fitted, 2 seasons, history 1",12,3047699.279800058,3368202.9060562328,388.62703176782634,606.9455497565232,2,9876.0,89.79251802356897,7373.0,110.77897402186694,8798.0,80.0,2448.0,86.31769221948667,2520.0,80.11650823127655,560.0,80.0,2,1
"fitted, 2 seasons, history 1",13,3167776.0008196416,3357886.364273913,523.50176518841,213.52502604147412,2,9613.0,80.0,8396.0,112.25170131162228,10226.0,83.01659847320994,2016.0,82.25765054010682,2335.0,81.95630769556033,346.0,80.01400785983643,2,1
"fitted, 2 seasons, history 1",14,2022613.8873230685,2894177.6222516783,4357.818674643049,0.0,0,10104.0,85.32598974568118,8654.0,100.23154863199856,6282.0,80.0,2405.0,80.0,1358.0,80.0,250.0,80.0,2,1
"fitted, 2 seasons, history 1",15,1297813.6305950887,2555616.1886109635,6289.012790079374,0.0,0,7462.0,80.0,8489.0,95.27814685015474,5725.0,80.0,2184.0,80.0,1654.0,80.0,324.0,80.0,2,1
"fitted, 2 seasons, history 1",16,2896795.357981581,3234446.6048279405,836.785851134433,425.73519154868336,2,9625.0,83.20868956355305,7200.0,110.0007010344002,8279.0,80.0,2544.0,84.7087107568909,2555.0,80.0,581.0,80.0,2,1
"fitted, 2 seasons, history 1",17,2919970.910235605,3341487.4912483525,2107.5829050637367,0.0,0,10055.0,92.71074638488201,7958.0,111.13057643548684,8402.0,80.0,2444.0,85.94595112004082,2032.0,80.0,448.0,80.0,2,1
"fitted, 2 seasons, history 1",18,2086696.7383267146,2883615.372008579,3782.12064739617,101.23626050657549,1,8794.0,80.0,7999.0,107.63537592306274,6499.0,80.0,2571.0,80.0,1938.0,80.0,324.0,80.0,2,1
"fitted, 2 seasons, history 1",19,2484545.8385652285,3141676.73044228,2363.099015488805,461.277721948225,2,9528.0,89.51246329971083,7506.0,109.37662775849995,7002.0,80.0,2846.0,83.24332610107776,2005.0,80.0,471.0,80.0,2,1
"fitted, 2 seasons, history 1",20,2900834.368560409,3276642.683883421,1471.6268294553847,203.7073735798367,2,9807.0,88.5285392927354,7522.0,111.03596353323967,7808.0,80.0,2471.0,87.01553649181227,2320.0,80.0,614.0,80.0,2,1
"fitted, 2 seasons, history 1",21,3329348.4206094965,3397420.9112673067,7.489415979343903,166.436518654853,2,9782.0,94.37597420725814,7243.0,100.55861555323021,10005.0,82.69184146125218,2606.0,81.8594894247131,2246.0,80.37076813640705,542.0,80.49203932945139,2,1
"fitted, 2 seasons, history 1",22,926849.2310306947,2315397.7192896605,6942.742441294829,0.0,0,7308.0,80.0,8469.0,85.16208752977452,6021.0,80.0,1640.0,80.0,1293.0,80.0,244.0,80.0,2,1
"fitted, 2 seasons, history 1",23,2323521.766078593,3131488.239770094,2895.056436492082,572.3879659827107,2,9807.0,91.07249392719034,7996.0,110.17862266813964,6653.0,80.0,2721.0,84.02646544867581,1753.0,80.0,364.0,80.0,2,1
"fitted, 2 seasons, history 1",24,3480980.772210911,3493965.211215969,64.92219502529224,0.0,0,10029.0,94.13544622001679,7684.0,110.59888405865713,10015.0,80.57225420102439,2413.0,85.00869019800729,2199.0,80.73428771641103,529.0,80.5208152949472,2,1
"fitted, 2 seasons, history 1",25,2291621.157315117,3041590.8498688857,3749.848462768844,0.0,0,9661.0,90.00489930485874,7979.0,108.09895562231516,6332.0,80.0,2834.0,81.11714022127607,1620.0,80.0,350.0,80.0,2,1
"fitted, 2 seasons, history 1",26,1103881.2292695516,2500598.146690661,6688.585644208144,147.49947144870202,1,4884.0,80.0,8481.0,97.86088276036566,7242.0,80.0,1544.0,80.0,2419.0,80.0,277.0,80.0,2,1
"fitted, 2 seasons, history 1",27,3140230.8173521445,3436025.874623386,997.4214515895492,240.77691738332942,2,10340.0,93.15003748386522,8124.0,112.8385603578969,8662.0,80.0,2223.0,89.17537529812476,2221.0,80.19917031656993,459.0,80.22918632607055,2,1
"fitted, 2 seasons, history 1",28,1721182.4020953514,2697965.2166189402,4883.914072617944,0.0,0,8919.0,80.0,8326.0,94.2259448257195,6060.0,80.0,2372.0,80.0,1580.0,80.0,345.0,80.0,2,1
"fitted, 2 seasons, history 1",29,2575005.7059940486,3054690.5901046097,2278.511845484336,59.956287534234434,2,9532.0,83.96103994840341,7623.0,104.91065949316915,7441.0,80.0,2811.0,80.0,1939.0,80.0,414.0,80.0,2,1
"fitted, 5 seasons, history 1",0,3038957.3187638023,3303612.594342828,1323.2763778951285,0.0,0,9423.0,86.93605998032263,6755.0,119.36963058162141,8389.0,80.0,2906.0,83.09570656734257,2591.0,80.0,456.0,80.0,5,1
"fitted, 5 seasons, history 1",1,2837013.2598717893,3291091.149305925,2119.3880105865355,75.50071829207081,2,9418.0,95.03347963457826,7050.0,118.95939192560547,7352.0,80.0,3024.0,84.74241485316603,2145.0,80.0,473.0,80.0,5,1
"fitted, 5 seasons, history 1",2,2136467.9459337126,2906297.3799259216,3849.1471699610456,0.0,0,9585.0,84.77401159999889,7929.0,107.17851920039503,6082.0,80.0,2765.0,80.0,1526.0,80.0,295.0,80.0,5,1
"fitted, 5 seasons, history 1",3,3447956.8234147257,3478121.9880910683,150.82582338171233,0.0,0,10569.0,81.14529516976879,8289.0,119.49677814763106,10003.0,82.28880950972686,1754.0,88.97609112335331,2461.0,82.20468631879325,375.0,80.10134589195252,5,1
"fitted, 5 seasons, history 1",4,2784504.0023491587,3193372.9663950205,2044.3448202293075,0.0,0,9039.0,81.17592437286558,6659.0,119.3732073186557,7908.0,80.0,2856.0,82.63263278252103,2662.0,80.0,559.0,80.0,5,1
"fitted, 5 seasons, history 1",5,1813295.432926842,2707846.8434293335,4472.757052512457,0.0,0,7774.0,80.0,7840.0,98.04168921292519,7569.0,80.0,2031.0,80.0,1936.0,80.0,321.0,80.0,5,1
"fitted, 5 seasons, history 1",6,3168780.1029091794,3367695.4575679637,994.5767732939221,0.0,0,10008.0,100.8267386427907,7386.0,101.1738757579871,9855.0,80.0,2553.0,83.93090694916208,1790.0,80.0,450.0,80.0,5,1
"fitted, 5 seasons, history 1",7,2620783.367649893,3116037.7032401413,2347.8941274125227,64.18877526936012,2,9403.0,90.11813237350329,7263.0,109.92935488532147,7364.0,80.0,3006.0,80.0,1943.0,80.0,372.0,80.0,5,1
"fitted, 5 seasons, history 1",8,166556.2599406317,2156918.9936515503,9951.813668554592,0.0,0,6953.0,80.0,7130.0,89.68849840835207,5917.0,80.0,1454.0,80.0,1298.0,80.0,198.0,80.0,5,1
"fitted, 5 seasons, history 1",9,1966804.2358854222,2722819.2661534715,3780.0751513402474,0.0,0,9586.0,80.96807301193694,7039.0,93.19780057693481,7655.0,80.0,2117.0,80.0,1609.0,80.0,342.0,80.0,5,1
"fitted, 5 seasons, history 1",10,1440432.6179887317,2585639.5101923496,5726.034461018089,0.0,0,8098.0,80.0,7509.0,94.54781065286318,6974.0,80.0,2043.0,80.0,1700.0,80.0,296.0,80.0,5,1
"fitted, 5 seasons, history 1",11,3005753.2850392964,3354388.5552414693,1677.1404646916308,33.01794315961706,2,9675.0,93.62586446454705,7092.0,119.40059049682165,7532.0,80.0,2668.0,88.11739773988009,2435.0,80.04412616088649,580.0,80.0,5,1
"fitted, 5 seasons, history 1",12,3148215.3070625383,3435693.8230693713,228.47831605372266,604.4571319902207,2,9497.0,92.71293540034007,6720.0,119.37272362198148,8785.0,80.0,2737.0,86.39648754706359,2621.0,80.0,658.0,80.0,5,1
"fitted, 5 seasons, history 1",13,3279185.2048463663,3449550.9672117233,438.29066565260837,206.76907308708905,2,9811.0,80.0,8343.0,119.5261641559906,10207.0,83.96589985218597,1868.0,86.63957720426983,2313.0,84.29552203312458,403.0,80.05599214776278,5,1
"fitted, 5 seasons, history 1",14,1877918.345088333,2821050.3761746734,4715.660155431702,0.0,0,10003.0,84.23909046954302,8206.0,100.05444238457648,6144.0,80.0,2385.0,80.0,1379.0,80.0,265.0,80.0,5,1
"fitted, 5 seasons, history 1",15,1193377.3437298685,2517307.956242729,6619.653062564302,0.0,0,7491.0,80.0,7834.0,96.92468167509944,6059.0,80.0,2111.0,80.0,1689.0,80.0,275.0,80.0,5,1
"fitted, 5 seasons, history 1",16,2978096.842022486,3286622.315341234,693.8463117084139,424.39052744266337,2,9052.0,87.42372773235422,6279.0,119.09574031003969,8273.0,80.0,3098.0,81.63017729199879,2703.0,80.0,614.0,80.0,5,1
"fitted, 5 seasons, history 1",17,2978602.650044274,3379251.688093953,2003.2451902483936,0.0,0,9465.0,96.99221126097994,7172.0,117.4414642832496,8526.0,80.0,3011.0,83.48891176840111,2035.0,80.0,452.0,80.0,5,1
"fitted, 5 seasons, history 1",18,2140523.544287117,2884247.1506528556,3714.584547837012,2.016741995839766,1,8649.0,80.5588874867616,7573.0,110.47317216160762,6604.0,80.0,2654.0,80.0,1986.0,80.0,334.0,80.0,5,1
"fitted, 5 seasons, history 1",19,2498917.4618848735,3141572.4332455825,2409.7875877340657,401.7436345347396,2,8856.0,93.12683411768188,6642.0,115.67015812998973,6970.0,80.0,3465.0,80.0,1956.0,80.0,515.0,80.0,5,1
"fitted, 5 seasons, history 1",20,3023627.0139226997,3339196.226443099,1220.767214053718,178.53942427413858,2,9514.0,90.45791728321122,6825.0,119.3779703385664,7778.0,80.0,2643.0,87.21622282442522,2586.0,80.0,695.0,80.0,5,1
"fitted, 5 seasons, history 1",21,3318268.9533203836,3409773.1716656685,127.9669185701623,164.77708657813128,2,9462.0,96.9557329681762,6612.0,104.34371945202008,9938.0,83.62054731013862,2853.0,80.95077240494231,2299.0,80.1213926706899,586.0,80.28047968910009,5,1
"fitted, 5 seasons, history 1",22,675617.597750511,2250849.7032749234,7876.160527622062,0.0,0,7383.0,80.0,7430.0,90.20319021196815,5944.0,80.0,1585.0,80.0,1296.0,80.0,223.0,80.0,5,1
"fitted, 5 seasons, history 1",23,2357602.101164006,3157153.1949636713,2927.46006764048,535.1477006789228,2,9158.0,95.23154071554359,7082.0,118.43846856588296,6531.0,80.0,3348.0,80.92017782364695,1841.0,80.0,364.0,80.0,5,1
"fitted, 5 seasons, history 1",24,3500482.4471116746,3515551.4400545508,75.3449647143807,0.0,0,9567.0,97.88457252647001,7007.0,116.16835487030093,9976.0,80.89998765776133,2860.0,82.65750541053451,2260.0,80.21693279257917,509.0,80.3263445141266,5,1
"fitted, 5 seasons, history 1",25,2245512.9587132325,3014934.647247875,3847.1084426732123,0.0,0,9471.0,90.35615808230176,7580.0,109.96985145783577,6342.0,80.0,3003.0,80.0,1616.0,80.0,330.0,80.0,5,1
"fitted, 5 seasons, history 1",26,1166872.9519845631,2484684.5525502414,6589.058002828391,0.0,0,5029.0,80.0,7844.0,98.9245987442939,7424.0,80.0,1563.0,80.0,2401.0,80.0,326.0,80.0,5,1
"fitted, 5 seasons, history 1",27,3268549.660460722,3513993.9134517033,755.7368701778887,235.74219738850843,2,10306.0,94.8485494208528,7749.0,119.45694639123106,8676.0,80.0,2152.0,91.75605054736592,2412.0,80.0,565.0,80.17394925007778,5,1
"fitted, 5 seasons, history 1",28,1540117.1952401644,2643533.2564112404,5517.08030585538,0.0,0,8904.0,80.74353826094188,7551.0,97.15703770835836,5940.0,80.0,2364.0,80.0,1613.0,80.0,331.0,80.0,5,1
"fitted, 5 seasons, history 1",29,2462663.4500396047,2991638.8932862133,2644.8772162330433,0.0,0,9464.0,83.77894830837253,7486.0,104.60525333900289,7307.0,80.0,2636.0,80.0,1930.0,80.0,419.0,80.0,5,1
"fitted, 20 seasons, history 1",0,3053230.456553998,3315028.1473886967,1308.9884541734937,0.0,0,9374.0,87.76060177181381,6776.0,119.75935661868404,8425.0,80.0,2891.0,83.11152990859753,2535.0,80.0,503.0,80.0,20,1
"fitted, 20 seasons, history 1",1,2832710.3935398017,3289731.7972620577,2123.650629614711,80.72819449828421,2,9261.0,95.91576678080843,6913.0,119.25857414165317,7341.0,80.0,3144.0,84.19550859792344,2115.0,80.0,508.0,80.0,20,1
"fitted, 20 seasons, history 1",2,2188235.632922151,2920803.493121937,3662.8393009989304,0.0,0,9634.0,84.55812810032552,7943.0,106.77206181586314,6244.0,80.0,2722.0,80.0,1590.0,80.0,286.0,80.0,20,1
"fitted, 20 seasons, history 1",3,3449152.817120075,3487993.712469926,194.20447674925526,0.0,0,10466.0,82.07036665388942,8383.0,119.81339223747761,10155.0,82.09008848190983,1809.0,88.69760617739153,2309.0,82.57184934169506,370.0,80.0,20,1
"fitted, 20 seasons, history 1",4,2749440.1237965585,3182411.1880999804,2164.8553215171087,0.0,0,8853.0,81.85221653246926,6603.0,119.75200643570842,7909.0,80.0,2945.0,81.73779736795733,2645.0,80.10876940373888,538.0,80.0,20,1
"fitted, 20 seasons, history 1",5,1884378.6798832926,2734072.7097968194,4248.470149567634,0.0,0,7671.0,80.0,7876.0,98.32309672382164,7654.0,80.0,2106.0,80.0,1965.0,80.0,343.0,80.0,20,1
"fitted, 20 seasons, history 1",6,3122241.673090561,3348776.582996119,1132.67454952779,0.0,0,9954.0,101.27863448399317,7285.0,101.0938476202888,9766.0,80.0,2608.0,83.11740326469456,1772.0,80.0,441.0,80.0,20,1
"fitted, 20 seasons, history 1",7,2589005.5166031877,3100291.2983077765,2406.841329736436,74.79378939325397,2,9359.0,89.64930983929186,7207.0,109.51344630523712,7258.0,80.0,3040.0,80.0,1970.0,80.0,374.0,80.0,20,1
"fitted, 20 seasons, history 1",8,230878.0529826507,2175745.1156307105,9724.335313240299,0.0,0,6817.0,80.0,7361.0,88.659844536165,5965.0,80.0,1467.0,80.0,1315.0,80.0,231.0,80.0,20,1
"fitted, 20 seasons, history 1",9,1902748.1580570163,2694154.8407151783,3957.033413290809,0.0,0,9470.0,80.56220430204961,7075.0,91.99021427205207,7756.0,80.0,2005.0,80.0,1581.0,80.0,359.0,80.0,20,1
"fitted, 20 seasons, history 1",10,1449395.1185838417,2586946.3308273396,5687.756061217489,0.0,0,8059.0,80.0,7680.0,93.8523868264765,6905.0,80.0,2035.0,80.0,1710.0,80.0,291.0,80.0,20,1
"fitted, 20 seasons, history 1",11,2960580.288023512,3339448.8967929757,1846.1973118151127,24.072866016103944,1,9618.0,93.76244872387531,7084.0,119.78685019583031,7346.0,80.0,2682.0,88.08785440034025,2404.0,80.05165706656737,600.0,80.0,20,1
"fitted, 20 seasons, history 1",12,3128427.6971890787,3418237.7241870435,232.18728564336016,608.431424673232,2,9366.0,92.40440931844613,6540.0,119.76640125343559,8743.0,80.0,2858.0,85.23193882312951,2662.0,80.0,654.0,80.0,20,1
"fitted, 20 seasons, history 1",13,3236259.4368057298,3437477.4718889594,615.5777916561638,195.2561918799929,2,9677.0,80.0,8430.0,119.80827956288735,10220.0,83.86775319307037,1810.0,86.96170888701197,2292.0,84.6518000370106,389.0,80.0,20,1
"fitted, 20 seasons, history 1",14,1901129.2763622073,2827162.560801357,4630.166422195749,0.0,0,10080.0,83.98759433083119,8371.0,99.51590131962475,6207.0,80.0,2332.0,80.0,1360.0,80.0,251.0,80.0,20,1
"fitted, 20 seasons, history 1",15,1304123.4081388116,2558373.1111590564,6271.248515101224,0.0,0,7595.0,80.0,8010.0,97.34495769775985,5901.0,80.0,2208.0,80.0,1697.0,80.0,309.0,80.0,20,1
"fitted, 20 seasons, history 1",16,2971661.477513666,3277308.987469375,701.7451764944963,413.24618664202535,2,8883.0,87.9159455412172,6139.0,119.41406507264094,8303.0,80.0,3257.0,80.7105768722444,2680.0,80.0,602.0,80.0,20,1
"fitted, 20 seasons, history 1",17,2988789.084284397,3389951.369413063,2005.811425643331,0.0,0,9538.0,96.92566883543842,7124.0,118.93885109404177,8410.0,80.0,2909.0,83.86283342500822,2148.0,80.0,474.0,80.0,20,1
"fitted, 20 seasons, history 1",18,2071734.614171115,2863404.0238963068,3870.6109300568223,43.86805928456852,1,8747.0,80.33348458336873,7755.0,108.87518172090012,6461.0,80.0,2585.0,80.0,1941.0,80.0,314.0,80.0,20,1
"fitted, 20 seasons, history 1",19,2516047.5595722096,3154889.4250451215,2339.200155134211,427.5045861151739,2,8862.0,93.68925520485001,6645.0,115.64413023622885,7072.0,80.0,3507.0,80.0,1984.0,80.0,466.0,80.0,20,1
"fitted, 20 seasons, history 1",20,3005316.7369658,3333715.3681345284,1289.5482329690058,176.22246143731718,2,9417.0,91.19108687105599,6762.0,119.76908693190899,7744.0,80.0,2748.0,86.32648057427686,2548.0,80.0,681.0,80.0,20,1
"fitted, 20 seasons, history 1",21,3335597.623190755,3423583.108757194,116.16128119102177,161.88307332058685,2,9503.0,97.78142009796987,6628.0,104.509139820106,9943.0,83.85387885909823,2849.0,81.02910934393344,2324.0,80.14859077339534,555.0,80.29192936098254,20,1
"fitted, 20 seasons, history 1",22,740659.6909791983,2268576.201853431,7639.582554371163,0.0,0,7409.0,80.0,7610.0,89.14798973106844,5985.0,80.0,1603.0,80.0,1250.0,80.0,259.0,80.0,20,1
"fitted, 20 seasons, history 1",23,2383524.5098144286,3161590.569603052,2789.2916191360446,550.5193399035361,2,8989.0,95.23538324597546,6967.0,118.76503160716095,6729.0,80.0,3483.0,80.33358231379388,1800.0,80.0,384.0,80.0,20,1
"fitted, 20 seasons, history 1",24,3501267.85171095,3512963.9583307505,58.48053309900206,0.0,0,9504.0,98.09347494455173,6942.0,116.69164493645656,9966.0,80.59358282785877,2923.0,82.65044934081574,2272.0,80.0,503.0,80.0,20,1
"fitted, 20 seasons, history 1",25,2256071.9568022485,3023843.758280687,3838.8590073921932,0.0,0,9420.0,91.00460440948241,7601.0,110.19870868877288,6308.0,80.0,3031.0,80.0,1578.0,80.0,362.0,80.0,20,1
"fitted, 20 seasons, history 1",26,1152569.0391134503,2478991.313338354,6632.11137112452,0.0,0,4922.0,80.0,8081.0,98.25904137338871,7375.0,80.0,1562.0,80.0,2363.0,80.0,305.0,80.0,20,1
"fitted, 20 seasons, history 1",27,3254718.1518000183,3512414.232447669,818.4708328005181,235.00478521886726,2,10287.0,95.15273213109865,7753.0,119.8029465621077,8665.0,80.0,2198.0,91.6528280980519,2386.0,80.03352891869237,528.0,80.0,20,1
"fitted, 20 seasons, history 1",28,1648229.766088626,2674797.272718381,5132.837533148775,0.0,0,8992.0,80.5704870231423,7675.0,96.1025997923499,6236.0,80.0,2351.0,80.0,1635.0,80.0,317.0,80.0,20,1
"fitted, 20 seasons, history 1",29,2440264.1757016093,2980053.414072208,2698.946191852994,0.0,0,9520.0,83.34205556016009,7581.0,104.0808659991405,7298.0,80.0,2645.0,80.0,1871.0,80.0,380.0,80.0,20,1
"fitted, 100 seasons, history 1",0,2992686.926206945,3289170.1800602954,1482.4162692667524,0.0,0,9500.0,86.0338403069973,7003.0,118.38343112661133,8271.0,80.0,2728.0,84.06333008873935,2511.0,80.0,503.0,80.0,100,1
"fitted, 100 seasons, history 1",1,2870439.3631472266,3299378.358837161,1985.773305003263,79.46083672320492,2,9518.0,94.70429565243221,7133.0,118.16334851738183,7451.0,80.0,2895.0,84.53259202812208,2185.0,80.0,500.0,80.0,100,1
"fitted, 100 seasons, history 1",2,2121135.6418346106,2912295.4058500286,3901.7956551146954,27.001582481198056,1,9587.0,85.18382843933153,8057.0,106.78391989601057,5976.0,80.0,2811.0,80.0,1497.0,80.0,283.0,80.0,100,1
"fitted, 100 seasons, history 1",3,3461397.3930561934,3495646.611339599,171.24609141702786,0.0,0,10467.0,82.42323598263086,8394.0,118.85762918123623,10159.0,82.34099788991517,1826.0,88.20191458377657,2283.0,83.75968515425855,392.0,80.07597697632653,100,1
"fitted, 100 seasons, history 1",4,2752485.6088460973,3180575.1540948264,2140.4477262436467,0.0,0,8980.0,81.30887090230573,6723.0,118.39669260050795,7912.0,80.0,2845.0,81.90518963776908,2670.0,80.01498127340824,534.0,80.0,100,1
"fitted, 100 seasons, history 1",5,1901896.507731486,2744495.5127468226,4212.9950250766815,0.0,0,7698.0,80.0,8116.0,98.42477978644932,7652.0,80.0,2066.0,80.0,1938.0,80.0,321.0,80.0,100,1
"fitted, 100 seasons, history 1",6,3100436.1147554913,3339933.7168577593,1197.4880105113407,0.0,0,10109.0,100.53121383837454,7494.0,99.95766120570708,9573.0,80.0,2468.0,83.66713190641454,1809.0,80.0,443.0,80.0,100,1
"fitted, 100 seasons, history 1",7,2576883.9169295877,3105599.929427244,2503.0683876849525,70.2558374016644,2,9347.0,89.86354624126372,7328.0,110.27911609035914,7235.0,80.0,3052.0,80.0,1822.0,80.0,412.0,80.0,100,1
"fitted, 100 seasons, history 1",8,246436.1438304996,2178930.834787786,9662.473454786432,0.0,0,6812.0,80.0,7604.0,87.7815406085989,5923.0,80.0,1502.0,80.0,1265.0,80.0,208.0,80.0,100,1
"fitted, 100 seasons, history 1",9,2001133.1333502242,2723335.023399745,3611.009450247605,0.0,0,9718.0,80.09253194043116,7378.0,91.10813201445312,7532.0,80.0,2028.0,80.0,1669.0,80.0,328.0,80.0,100,1
"fitted, 100 seasons, history 1",10,1469858.899600778,2586427.354705953,5582.842275525875,0.0,0,8100.0,80.0,7881.0,91.95119333916419,6907.0,80.0,1994.0,80.0,1705.0,80.0,289.0,80.0,100,1
"fitted, 100 seasons, history 1",11,3013762.662265695,3355620.3163315053,1659.438853101492,24.92470861377842,1,9750.0,93.31342376992751,7207.0,118.6908082872349,7553.0,80.0,2574.0,88.3624279814705,2443.0,80.0,585.0,80.0,100,1
"fitted, 100 seasons, history 1",12,3128313.2731033578,3424759.437771365,273.56810761162706,604.3313578642046,2,9524.0,92.65535001041808,6773.0,118.48519044573077,8765.0,80.0,2742.0,85.87339339591699,2621.0,80.0,618.0,80.0,100,1
"fitted, 100 seasons, history 1",13,3274370.4637575704,3452045.873710159,476.8957654036876,205.74064217962768,2,9843.0,80.0,8477.0,118.94015222700185,10244.0,84.10095866321528,1809.0,86.77125210637477,2267.0,85.31133493935228,392.0,80.0,100,1
"fitted, 100 seasons, history 1",14,1951999.8421504605,2849862.6690551173,4489.314134523284,0.0,0,10098.0,84.00098734514434,8468.0,99.87962905572152,6251.0,80.0,2348.0,80.0,1359.0,80.0,261.0,80.0,100,1
"fitted, 100 seasons, history 1",15,1218552.2353346532,2528895.9064510744,6551.718355582107,0.0,0,7409.0,80.0,8233.0,96.45280049205326,5948.0,80.0,2052.0,80.0,1656.0,80.0,304.0,80.0,100,1
"fitted, 100 seasons, history 1",16,2958391.3491760725,3278957.112996164,757.6513153042633,422.58875189809623,2,9230.0,86.35821508147218,6500.0,117.82397781824191,8232.0,80.0,2947.0,82.52713470912845,2702.0,80.0,578.0,80.0,100,1
"fitted, 100 seasons, history 1",17,3014016.1268136497,3391220.3488044,1886.02110995375,0.0,0,9584.0,96.14506196951298,7288.0,116.9068777448571,8631.0,80.0,2883.0,84.11875648353607,2074.0,80.0,460.0,80.0,100,1
"fitted, 100 seasons, history 1",18,2097711.8567410787,2889381.9549031183,3779.893063413967,89.22871369811583,1,8832.0,80.01244844301887,7777.0,110.37572460516596,6389.0,80.0,2612.0,80.0,1983.0,80.0,325.0,80.0,100,1
"fitted, 100 seasons, history 1",19,2513941.966082553,3156901.3211820275,2305.2414445834947,454.77766545693885,2,8891.0,92.6420644077846,6681.0,115.21568752847564,7022.0,80.0,3461.0,80.48897979697614,2048.0,80.0,487.0,80.0,100,1
"fitted, 100 seasons, history 1",20,3032770.6805291316,3337873.8608357124,1202.2627282276662,161.62658665261915,2,9458.0,91.4844570878864,6815.0,118.28498473256465,7845.0,80.0,2717.0,86.21672704196811,2569.0,80.0,664.0,80.0,100,1
"fitted, 100 seasons, history 1",21,3351215.8323425287,3428142.910356205,55.39950990518628,164.61794008159814,2,9582.0,96.22011516590011,6868.0,103.8088666176072,9986.0,84.50111101668917,2767.0,81.45194530680932,2272.0,80.16154943322631,557.0,80.4100720177754,100,1
"fitted, 100 seasons, history 1",22,796562.2925413738,2286441.410039142,7449.39558748884,0.0,0,7285.0,80.0,7837.0,88.63103356375422,6084.0,80.0,1622.0,80.0,1287.0,80.0,237.0,80.0,100,1
"fitted, 100 seasons, history 1",23,2352618.9177866536,3153752.1757406043,2905.2151932019515,550.2255482839009,2,9134.0,94.07518784331926,7240.0,117.6169612129619,6625.0,80.0,3314.0,81.22549951688022,1738.0,80.0,402.0,80.0,100,1
"fitted, 100 seasons, history 1",24,3499039.6396766147,3519200.3715507034,100.80365937044371,0.0,0,9624.0,97.499458009357,7047.0,116.113981349934,9937.0,81.29317454790534,2811.0,83.21815719005689,2288.0,80.0,502.0,80.2573744293703,100,1
"fitted, 100 seasons, history 1",25,2302915.759126752,3046062.7682855353,3715.7350457939165,0.0,0,9335.0,91.37178004573558,7555.0,110.88645950477745,6374.0,80.0,3132.0,80.0,1618.0,80.0,356.0,80.0,100,1
"fitted, 100 seasons, history 1",26,1186699.4139637908,2495904.7134359833,6510.800590490282,17.612953435340387,1,4959.0,80.0,8214.0,98.02589644947447,7350.0,80.0,1543.0,80.0,2382.0,80.0,325.0,80.0,100,1
"fitted, 100 seasons, history 1",27,3270991.086842215,3512905.4920131713,736.9604949348795,236.30576545995063,2,10305.0,94.77827722850007,7819.0,118.89164033454388,8755.0,80.0,2166.0,91.12047611404681,2366.0,80.16811472424389,549.0,80.21383606345276,100,1
"fitted, 100 seasons, history 1",28,1663624.7448256519,2676964.8680337705,5066.700616040593,0.0,0,9098.0,80.16188889224337,7882.0,95.24130967928703,6036.0,80.0,2346.0,80.0,1598.0,80.0,346.0,80.0,100,1
"fitted, 100 seasons, history 1",29,2573432.6814519977,3034896.8963491265,2271.231767713274,18.04465338618502,1,9591.0,83.58056836401182,7564.0,104.73766065175688,7465.0,80.0,2719.0,80.0,1970.0,80.0,390.0,80.0,100,1
"fitted, 2 seasons, history 2",0,2949727.69572405,3262379.864194682,1563.2608423531583,0.0,0,9835.0,84.7218128727,7539.0,113.56849285491288,8283.0,80.0,2431.0,84.52241196184477,2401.0,80.0,480.0,80.0,2,2
"fitted, 2 seasons, history 2",1,2746778.171650816,3246067.9501152784,2344.4246417962513,76.01212526303061,2,9867.0,92.68887813544248,7771.0,113.43396789275792,7194.0,80.0,2559.0,85.65025157443291,2054.0,80.04012510862415,447.0,80.03624426105145,2,2
"fitted, 2 seasons, history 2",2,2176130.5136469817,2945372.316955831,3750.8650935320293,47.671961506108346,1,9620.0,86.25622828704404,8120.0,106.68810355104277,6057.0,80.0,2758.0,80.0,1558.0,80.0,309.0,80.0,2,2
"fitted, 2 seasons, history 2",3,3454172.5594371436,3471532.4674420245,86.79954002440536,0.0,0,10641.0,81.56373167797516,8728.0,115.03652017676902,10330.0,81.9297451696576,1761.0,87.93481738696352,2133.0,83.55449060579798,362.0,80.19327733892104,2,2
"fitted, 2 seasons, history 2",4,2620967.8913707826,3131609.650327787,2553.2087947850196,0.0,0,9126.0,80.85106845203,7287.0,113.13055522547667,7766.0,80.0,2551.0,82.7326978809083,2532.0,80.31560409125558,497.0,80.0,2,2
"fitted, 2 seasons, history 2",5,1838818.371572223,2726319.145396219,4339.422973172116,49.040447973931805,1,7618.0,80.0,8337.0,96.40867762938936,7509.0,80.0,2074.0,80.0,1888.0,80.0,327.0,80.0,2,2
"fitted, 2 seasons, history 2",6,3214793.278325511,3374958.3229169995,800.8252229574409,0.0,0,10072.0,99.63859860115109,7892.0,99.32467919539752,9764.0,80.0,2489.0,83.60144427403144,1779.0,80.0,440.0,80.0,2,2
"fitted, 2 seasons, history 2",7,2562906.8895612615,3100292.5115670078,2484.1186005051295,101.40475476180109,2,9383.0,89.02469789411396,7472.0,108.65280664166708,7220.0,80.0,2989.0,80.0,1850.0,80.0,422.0,80.0,2,2
"fitted, 2 seasons, history 2",8,347906.7102955929,2208432.4250483513,9302.628573763792,0.0,0,6913.0,80.0,7930.0,86.25881778667734,5916.0,80.0,1475.0,80.0,1344.0,80.0,196.0,80.0,2,2
"fitted, 2 seasons, history 2",9,2013463.515147258,2718585.194121003,3525.6083948687246,0.0,0,9569.0,80.21509769032873,7601.0,88.83659049102059,7564.0,80.0,2073.0,80.0,1589.0,80.0,353.0,80.0,2,2
"fitted, 2 seasons, history 2",10,1552088.4469719902,2614859.6308097243,5313.855919188671,0.0,0,8087.0,80.0,8160.0,91.34064103060348,6975.0,80.0,2024.0,80.0,1684.0,80.0,297.0,80.0,2,2
"fitted, 2 seasons, history 2",11,2908084.800748983,3305030.607149275,1922.0635266717181,31.332752664871805,2,9775.0,92.53750981020805,7519.0,114.48833518345214,7430.0,80.0,2556.0,87.52209680904059,2264.0,80.15585194838764,562.0,80.0,2,2
"fitted, 2 seasons, history 2",12,3045438.3978754687,3376744.9357146593,467.3213368748984,594.6056761605269,2,9633.0,90.91738579664246,7176.0,113.67834640832722,8663.0,80.0,2572.0,86.10846510681311,2474.0,80.0,639.0,80.0,2,2
"fitted, 2 seasons, history 2",13,3194002.5343231633,3410762.9648978263,666.7985254434643,208.50181371492545,2,9581.0,80.00286663440832,8735.0,115.26394059132032,10459.0,83.75162148683087,1852.0,86.04112078349225,2057.0,85.6320996829261,377.0,80.0,2,2
"fitted, 2 seasons, history 2",14,2005246.8499159273,2878464.1309035756,4366.086404938242,0.0,0,10010.0,84.95623834626181,8607.0,99.77601778290865,6285.0,80.0,2447.0,80.0,1363.0,80.0,237.0,80.0,2,2
"fitted, 2 seasons, history 2",15,1301163.0948675072,2559584.5802407246,6292.107426866087,0.0,0,7502.0,80.0,8330.0,96.37269870837031,5873.0,80.0,2136.0,80.0,1732.0,80.0,283.0,80.0,2,2
"fitted, 2 seasons, history 2",16,2942571.914537018,3262741.06827911,800.4736535691718,400.18605757064324,2,9472.0,85.28064300620777,7011.0,112.9280130891043,8301.0,80.0,2672.0,84.21867789637888,2567.0,80.0233547484127,576.0,80.0,2,2
"fitted, 2 seasons, history 2",17,2921913.3467471143,3358417.8155257925,2182.5223438933917,0.0,0,9963.0,95.19666995217348,7778.0,113.4067161374659,8270.0,80.0,2543.0,85.06015624755769,2073.0,80.0,425.0,80.0,2,2
"fitted, 2 seasons, history 2",18,2063011.9011171402,2874134.869001303,3867.749673286111,93.93258306735152,1,8697.0,80.07836173906729,8027.0,107.9074818682739,6563.0,80.0,2503.0,80.0,1883.0,80.0,353.0,80.0,2,2
"fitted, 2 seasons, history 2",19,2498958.618926302,3148716.5028728917,2316.7737831070117,466.0078183129681,2,9139.0,91.39469115434386,7066.0,111.37385476831223,7023.0,80.0,3188.0,81.78368297058486,2014.0,80.0,504.0,80.0,2,2
"fitted, 2 seasons, history 2",20,2938522.1536345393,3295012.91274691,1450.4224535705907,166.0156709956318,2,9628.0,89.72896271138782,7253.0,114.07689501421636,7744.0,80.0,2592.0,86.56522622148012,2429.0,80.12939635475583,609.0,80.0,2,2
"fitted, 2 seasons, history 2",21,3373793.5022317716,3445677.1649368512,0.0,179.70915676269942,3,9604.0,96.12127791068865,7015.0,103.77352495383218,9899.0,84.46002417037506,2708.0,81.9642780547304,2317.0,80.17473848153149,592.0,80.54002646457505,2,2
"fitted, 2 seasons, history 2",22,839809.3856110615,2296918.2886719704,7285.544515304545,0.0,0,7266.0,80.0,8153.0,87.35413819109166,5992.0,80.0,1583.0,80.0,1289.0,80.0,269.0,80.0,2,2
"fitted, 2 seasons, history 2",23,2363968.548812642,3156253.706164323,2821.0564886521897,570.1846490531061,2,9549.0,93.19214194720844,7656.0,112.89201090538576,6673.0,80.0,2932.0,82.79343574672511,1819.0,80.0,382.0,80.0,2,2
"fitted, 2 seasons, history 2",24,3517761.770614118,3530568.089414593,64.03159400237382,0.0,0,9929.0,96.55692429784436,7502.0,113.33338775248939,9982.0,81.1130895136748,2526.0,84.67340150867203,2264.0,80.56151987951867,494.0,80.56941105286602,2,2
"fitted, 2 seasons, history 2",25,2292613.371780385,3037968.020016592,3726.7732411810357,0.0,0,9505.0,90.44410560478009,7852.0,108.95726991683134,6397.0,80.0,2962.0,80.15602850374702,1585.0,80.0,344.0,80.0,2,2
"fitted, 2 seasons, history 2",26,1149951.396634749,2509758.787455512,6535.6062757765685,131.71533916362387,1,4924.0,80.0,8404.0,97.81994139166018,7386.0,80.0,1582.0,80.0,2373.0,80.0,292.0,80.0,2,2
"fitted, 2 seasons, history 2",27,3245600.6392203025,3492817.6339550875,759.3810267723275,238.35197345079905,2,10214.0,95.50133128164309,7920.0,115.4125917052822,8853.0,80.0,2278.0,89.09489721151378,2274.0,80.25186973700109,517.0,80.04993854223875,2,2
"fitted, 2 seasons, history 2",28,1729763.72536329,2702081.3958506193,4861.588352436646,0.0,0,8948.0,80.35516322911398,8105.0,94.81843248322114,6100.0,80.0,2406.0,80.0,1613.0,80.0,348.0,80.0,2,2
"fitted, 2 seasons, history 2",29,2633305.095474214,3063139.9419997423,2119.5401927675985,14.81701993002207,1,9515.0,84.09003687180535,7549.0,105.30444312683989,7571.0,80.0,2739.0,80.0,1985.0,80.0,444.0,80.0,2,2
"fitted, 5 seasons, history 2",0,3008089.8412873554,3294594.341932535,1432.5225032258986,0.0,0,9446.0,86.6606862833256,6797.0,119.76119909511694,8361.0,80.0,2857.0,83.44078212298419,2537.0,80.0,460.0,80.0,5,2
"fitted, 5 seasons, history 2",1,2814594.8485099133,3279696.9351047836,2198.7478004683535,63.38131625299866,2,9393.0,95.20304095721251,6987.0,119.10297992489822,7215.0,80.0,3010.0,84.8774502754855,2145.0,80.0,508.0,80.0,5,2
"fitted, 5 seasons, history 2",2,2096105.2861376584,2888995.0010781363,3964.448574702389,0.0,0,9519.0,85.8373054723953,7740.0,106.03484370625392,6056.0,80.0,2781.0,80.0,1573.0,80.0,292.0,80.0,5,2
"fitted, 5 seasons, history 2",3,3441246.7741719107,3507205.3842166625,329.79305022375956,0.0,0,10208.0,83.01920523382373,8536.0,119.79676399760528,10350.0,82.47533674916784,1871.0,88.8531663676227,2032.0,86.53835526690452,414.0,80.0,5,2
"fitted, 5 seasons, history 2",4,2780807.0599479256,3197886.314624548,2085.396273383112,0.0,0,9122.0,81.50161432895815,6663.0,119.76496449286884,7780.0,80.0,2777.0,83.65045558152802,2719.0,80.0,560.0,80.0,5,2
"fitted, 5 seasons, history 2",5,1789557.0241957756,2699730.764667839,4550.868702360316,0.0,0,7882.0,80.00983197157893,7660.0,98.50303773731771,7560.0,80.0,2059.0,80.0,1912.0,80.0,310.0,80.0,5,2
"fitted, 5 seasons, history 2",6,3080980.906397394,3341429.7889258154,1302.244412642107,0.0,0,9961.0,101.81210055722538,7110.0,102.2323333769408,9696.0,80.0,2596.0,83.29883762812874,1790.0,80.0,441.0,80.0,5,2
"fitted, 5 seasons, history 2",7,2578407.3203231776,3093476.756291911,2483.837365851844,45.75490699591137,2,9336.0,90.37347689217503,7165.0,109.55338116211652,7196.0,80.0,3046.0,80.0,1914.0,80.0,398.0,80.0,5,2
"fitted, 5 seasons, history 2",8,146856.12766754534,2151156.8237526063,10021.503480425305,0.0,0,7037.0,80.0,6805.0,90.50357439421106,6005.0,80.0,1455.0,80.0,1327.0,80.0,195.0,80.0,5,2
"fitted, 5 seasons, history 2",9,1764476.3654918806,2654925.7769717462,4452.247057399328,0.0,0,9359.0,81.37247303966681,6578.0,93.5118275757836,7737.0,80.0,1984.0,80.0,1616.0,80.0,347.0,80.0,5,2
"fitted, 5 seasons, history 2",10,1349259.2324353345,2552916.739684418,6018.287536245417,0.0,0,8035.0,80.04103178420124,7196.0,94.90092402700958,6976.0,80.0,2066.0,80.0,1670.0,80.0,296.0,80.0,5,2
"fitted, 5 seasons, history 2",11,3006231.7088484243,3364271.132151331,1703.6558590197055,43.270628747413866,2,9826.0,93.27944644151442,7197.0,119.8226428480799,7438.0,80.0,2481.0,90.55697920987085,2436.0,80.0,630.0,80.0,5,2
"fitted, 5 seasons, history 2",12,3157905.3146606847,3438145.0677899644,200.21751272829533,600.4906264590518,2,9603.0,92.25131242591192,6734.0,119.76763980853157,8762.0,80.0,2640.0,87.28417198736376,2685.0,80.0,643.0,80.0,5,2
"fitted, 5 seasons, history 2",13,3246945.0808187164,3451129.2306258623,619.6191676571816,200.65079068927298,2,9510.0,80.60362179748142,8452.0,119.7919468431466,10378.0,84.06196976864955,1941.0,86.07590028009483,2095.0,87.90506919283145,405.0,80.03559304461066,5,2
"fitted, 5 seasons, history 2",14,1848537.7247413918,2810013.1248408183,4807.377000497133,0.0,0,9930.0,84.214660513317,8098.0,100.49907951884175,6252.0,80.0,2384.0,80.0,1390.0,80.0,233.0,80.0,5,2
"fitted, 5 seasons, history 2",15,1172748.2212965144,2510960.0844588876,6691.059315811865,0.0,0,7597.0,80.0,7789.0,97.59405372434043,5897.0,80.0,2089.0,80.0,1691.0,80.0,277.0,80.0,5,2
"fitted, 5 seasons, history 2",16,3010282.5909498623,3285212.7728149295,638.8462718838018,367.90231872076765,2,8994.0,87.25618995277118,6223.0,119.62071268749682,8373.0,80.0,3126.0,81.71959458179987,2679.0,80.0,611.0,80.0,5,2
"fitted, 5 seasons, history 2",17,3033218.331213145,3406312.194072716,1865.469314297854,0.0,0,9697.0,96.19817630617096,7251.0,118.37275015503896,8538.0,80.0,2738.0,85.26619193893147,2165.0,80.0,495.0,80.0,5,2
"fitted, 5 seasons, history 2",18,2024615.7358791518,2834110.8056280017,4047.4753487442495,0.0,0,8565.0,80.82452277502537,7741.0,107.8838351711548,6502.0,80.0,2515.0,80.0,1927.0,80.0,316.0,80.0,5,2
"fitted, 5 seasons, history 2",19,2506132.71019593,3143198.9924966916,2335.568023098759,424.88169420252416,2,8863.0,93.4208462801296,6637.0,114.46286453456428,7061.0,80.0,3466.0,80.0,1959.0,80.0,511.0,80.0,5,2
"fitted, 5 seasons, history 2",20,3037467.8740075235,3347839.320972562,1161.7854761856725,195.03587931975926,2,9557.0,90.07867563788369,6793.0,119.78260652562331,7816.0,80.0,2613.0,88.3570937184746,2623.0,80.0,694.0,80.0,5,2
"fitted, 5 seasons, history 2",21,3344206.1235456103,3439686.7469067685,149.1210552192606,164.1410307932656,2,9334.0,98.82265557330649,6342.0,105.891921826292,9811.0,85.69736588883383,2962.0,80.81915172650797,2393.0,80.0,597.0,80.0,5,2
"fitted, 5 seasons, history 2",22,680622.2730790188,2254947.216153294,7871.624715371376,0.0,0,7353.0,80.0,7043.0,91.44785122153824,6100.0,80.0,1711.0,80.0,1302.0,80.0,219.0,80.0,5,2
"fitted, 5 seasons, history 2",23,2342076.7262192164,3150400.4833327234,2915.3426780709833,563.1380537482764,2,9107.0,94.2664089132163,7110.0,118.21570194262158,6607.0,80.0,3378.0,81.13123986797265,1778.0,80.0,376.0,80.0,5,2
"fitted, 5 seasons, history 2",24,3506906.595159054,3527061.8633958325,100.77634118389324,0.0,0,9652.0,98.14434148322202,6895.0,116.47300321640658,9795.0,81.68826452087784,2771.0,84.31518788174876,2430.0,80.0,502.0,80.0,5,2
"fitted, 5 seasons, history 2",25,2252263.030250606,3008534.7335478663,3781.3585164863007,0.0,0,9397.0,90.59591938726342,7543.0,108.59404468590111,6434.0,80.0,3022.0,80.0,1587.0,80.0,358.0,80.0,5,2
"fitted, 5 seasons, history 2",26,1079856.0149255588,2454667.1684372984,6874.055767558698,0.0,0,5049.0,80.0,7704.0,99.17278925717788,7387.0,80.0,1563.0,80.0,2295.0,80.0,327.0,80.0,5,2
"fitted, 5 seasons, history 2",27,3291823.8556769495,3530676.824526824,727.4338208492809,233.4155117000464,2,10438.0,94.98326965593249,7884.0,119.7862426099712,8734.0,80.0,2021.0,93.94574180772581,2403.0,80.16671262101684,546.0,80.04689247726084,5,2
"fitted, 5 seasons, history 2",28,1529497.9234618493,2646912.710577417,5587.07393557784,0.0,0,8883.0,81.74003047877626,7185.0,98.38497144529543,6010.0,80.0,2421.0,80.0,1606.0,80.0,370.0,80.0,5,2
"fitted, 5 seasons, history 2",29,2395469.619378142,2968047.5390823185,2862.889598520883,0.0,0,9362.0,84.38537545462394,7350.0,104.38525905797677,7264.0,80.0,2633.0,80.0,1933.0,80.0,413.0,80.0,5,2
"fitted, 20 seasons, history 2",0,3023429.6381526142,3298749.04158081,1376.5970171409808,0.0,0,9567.0,86.07430723146597,7103.0,117.6055232717879,8415.0,80.0,2681.0,83.92467596006456,2469.0,80.0,507.0,80.0,20,2
"fitted, 20 seasons, history 2",1,2783159.985999953,3269910.5101201823,2280.436715222857,76.65795268914371,2,9609.0,94.19258557416711,7357.0,117.22680531792693,7231.0,80.0,2835.0,84.75067876790514,2084.0,80.0,458.0,80.0,20,2
"fitted, 20 seasons, history 2",2,2169633.7492516064,2934640.5940088164,3797.005975968914,14.014123908567854,1,9613.0,86.14411849534363,8032.0,107.15851380889916,6043.0,80.0,2760.0,80.0,1555.0,80.0,300.0,80.0,20,2
"fitted, 20 seasons, history 2",3,3438703.757268642,3474742.4675971456,180.1935516425183,0.0,0,10428.0,82.04322731090222,8460.0,118.24818890107615,10209.0,81.5365280614846,1848.0,88.11505448563504,2220.0,82.71910429417014,389.0,80.08871951262564,20,2
"fitted, 20 seasons, history 2",4,2715962.2629554756,3166776.1517124064,2254.069443784654,0.0,0,8936.0,81.2524074085237,6801.0,117.48642452697943,7889.0,80.0,2802.0,81.85572196678295,2669.0,80.0,520.0,80.0,20,2
"fitted, 20 seasons, history 2",5,1837993.2090060744,2721554.0332087246,4417.8041210132515,0.0,0,7670.0,80.0,8163.0,97.91915144049058,7577.0,80.0,2000.0,80.0,1939.0,80.0,301.0,80.0,20,2
"fitted, 20 seasons, history 2",6,3108338.536017274,3340214.4327184837,1159.379483506049,0.0,0,10099.0,100.5211912998853,7545.0,99.50937177339968,9709.0,80.0,2498.0,83.3492217275103,1761.0,80.0,414.0,80.0,20,2
"fitted, 20 seasons, history 2",7,2619673.912861091,3126242.551039392,2367.4290599894457,82.70706545102985,2,9428.0,90.24974310210335,7362.0,110.09073255538735,7379.0,80.0,3011.0,80.0,1903.0,80.0,368.0,80.0,20,2
"fitted, 20 seasons, history 2",8,277199.47947089816,2191900.8589848876,9573.506897569947,0.0,0,6822.0,80.0,7682.0,88.23494649634048,5944.0,80.0,1485.0,80.0,1286.0,80.0,206.0,80.0,20,2
"fitted, 20 seasons, history 2",9,2006033.051672318,2727179.9441543594,3605.734462410207,0.0,0,9551.0,80.69612513785711,7259.0,91.0168415708343,7662.0,80.0,2105.0,80.0,1621.0,80.0,361.0,80.0,20,2
"fitted, 20 seasons, history 2",10,1537769.9767615334,2615439.2341419584,5388.346286902125,0.0,0,7961.0,80.0,7927.0,93.09943662696585,7015.0,80.0,2095.0,80.0,1704.0,80.0,298.0,80.0,20,2
"fitted, 20 seasons, history 2",11,2953683.271784247,3334846.657887567,1847.4259289408647,29.195500787867786,2,9712.0,93.13294404187076,7339.0,117.94076516880412,7456.0,80.0,2614.0,87.92852674862448,2306.0,80.12839647654545,579.0,80.05165652701686,20,2
"fitted, 20 seasons, history 2",12,3116472.707779706,3409511.517397801,272.34849181326354,596.4227781386053,2,9441.0,91.87435753555224,6781.0,117.61362986250359,8831.0,80.0,2813.0,85.50794237593591,2574.0,80.0,605.0,80.0,20,2
"fitted, 20 seasons, history 2",13,3244872.636437108,3435542.6301659085,541.3660745966808,205.99194702366185,2,9721.0,80.0,8487.0,118.36640516766134,10311.0,83.88732427301399,1884.0,85.65645069738103,2237.0,85.15841742240602,352.0,80.08757874369621,20,2
"fitted, 20 seasons, history 2",14,1946798.7595911392,2848141.1490676645,4506.711947382627,0.0,0,10062.0,84.06424152225559,8583.0,99.67223009096223,6192.0,80.0,2385.0,80.0,1322.0,80.0,243.0,80.0,20,2
"fitted, 20 seasons, history 2",15,1344277.7749275172,2576746.9110563817,6162.345680644323,0.0,0,7564.0,80.0,8216.0,97.61768635058199,5869.0,80.0,2207.0,80.0,1684.0,80.0,323.0,80.0,20,2
"fitted, 20 seasons, history 2",16,2966768.204438366,3273543.5377555247,736.5733604382258,398.6516530737845,2,9182.0,86.351371405107,6565.0,116.86640536538712,8317.0,80.0,2957.0,82.20447992730229,2639.0,80.0,582.0,80.0,20,2
"fitted, 20 seasons, history 2",17,2950074.277095418,3370819.0532481484,2103.723880763653,0.0,0,9708.0,95.99885592150198,7376.0,116.74063292450177,8340.0,80.0,2772.0,84.14560813691956,2117.0,80.0,439.0,80.0,20,2
"fitted, 20 seasons, history 2",18,2082571.2067284957,2882297.8420413425,3819.2419011503816,89.69563770692548,1,8808.0,80.16625192967142,7871.0,109.42872507239191,6447.0,80.0,2578.0,80.0,1932.0,80.0,323.0,80.0,20,2
"fitted, 20 seasons, history 2",19,2497147.559208082,3151280.355114974,2346.4279231226537,462.1180282059031,2,8948.0,92.11638696934274,6770.0,114.94375062703074,6966.0,80.0,3388.0,80.468378507718,2050.0,80.0,493.0,80.0,20,2
"fitted, 20 seasons, history 2",20,3010590.426862601,3329036.889215503,1268.0355050934068,162.09840333555076,2,9456.0,91.41676812174268,6887.0,117.61508016598388,7826.0,80.0,2735.0,86.0886421852236,2522.0,80.0,642.0,80.0,20,2
"fitted, 20 seasons, history 2",21,3360214.8838758334,3433005.55993421,31.61424490738682,166.16956769224817,2,9568.0,96.51630728944347,6877.0,103.65816820636869,9939.0,84.35528521551304,2758.0,81.69983486695575,2297.0,80.21204875041778,577.0,80.3712814506563,20,2
"fitted, 20 seasons, history 2",22,809428.2290262671,2291431.281297058,7410.015261353954,0.0,0,7302.0,80.0,7750.0,88.86597178026553,6104.0,80.0,1648.0,80.0,1285.0,80.0,254.0,80.0,20,2
"fitted, 20 seasons, history 2",23,2340677.5550051914,3159649.751209542,2961.9777812537077,566.4415998840232,2,9263.0,94.36834978425746,7312.0,116.97479338608315,6562.0,80.0,3270.0,82.02385900900998,1795.0,80.0,340.0,80.0,20,2
"fitted, 20 seasons, history 2",24,3505403.1421245625,3522413.620952256,85.0523941384672,0.0,0,9723.0,97.07047397465627,7176.0,115.83902249692595,9941.0,80.98178674110811,2715.0,83.65063617582918,2296.0,80.11006008872587,499.0,80.29945537955584,20,2
"fitted, 20 seasons, history 2",25,2270731.3356106845,3041352.1925483737,3853.1042846884466,0.0,0,9398.0,91.52188017655574,7689.0,111.02296684905455,6351.0,80.0,3069.0,80.02182641686582,1524.0,80.0,352.0,80.0,20,2
"fitted, 20 seasons, history 2",26,1181060.2599916821,2491750.4742110707,6553.4510710969425,0.0,0,4922.0,80.0,8140.0,98.41652017335021,7313.0,80.0,1604.0,80.0,2389.0,80.0,304.0,80.0,20,2
"fitted, 20 seasons, history 2",27,3208877.8801503284,3493935.0146683864,951.8216811375041,236.7319957263935,2,10234.0,95.21995516762193,7840.0,118.2794267708621,8607.0,80.0,2273.0,90.84655239683151,2291.0,80.22036676123146,512.0,80.09449212462641,20,2
"fitted, 20 seasons, history 2",28,1659678.8220020654,2685052.007562099,5126.865927800169,0.0,0,9042.0,80.58881638970847,7868.0,96.35586295962825,6161.0,80.0,2322.0,80.0,1599.0,80.0,325.0,80.0,20,2
"fitted, 20 seasons, history 2",29,2472419.6622417783,2997849.449470211,2627.1489361421636,0.0,0,9441.0,83.84123273022585,7579.0,104.2333251437061,7248.0,80.0,2645.0,80.0,1992.0,80.0,394.0,80.0,20,2
"fitted, 100 seasons, history 2",0,2990387.012066839,3279557.9186312854,1445.8545328222335,0.0,0,9868.0,85.10248854406024,7425.0,114.51106444029294,8310.0,80.0,2398.0,84.67095667417095,2478.0,80.0,509.0,80.0,100,2
"fitted, 100 seasons, history 2",1,2804743.478712798,3270932.2796920873,2161.2688329308676,84.83758598279019,2,9858.0,92.62090262383839,7641.0,114.64989146973878,7349.0,80.0,2586.0,85.92335671036629,2115.0,80.0,463.0,80.0,100,2
"fitted, 100 seasons, history 2",2,2144180.9103856026,2923270.8949924633,3756.618322513241,69.41580026053089,2,9746.0,84.40397334531815,8150.0,105.9472111372997,6070.0,80.0,2707.0,80.0,1524.0,80.0,311.0,80.0,100,2
"fitted, 100 seasons, history 2",3,3455472.981011719,3472824.9121757364,86.75965582008757,0.0,0,10629.0,81.31861102727947,8556.0,115.94259686796791,10221.0,82.20333579858797,1793.0,88.44156232875332,2261.0,82.40980203899859,360.0,80.07006873687108,100,2
"fitted, 100 seasons, history 2",4,2698904.755746995,3157204.0709271096,2291.4965759005718,0.0,0,9266.0,80.01636835236079,7174.0,114.47800514584235,7825.0,80.0,2585.0,83.22416513258992,2562.0,80.21823948524037,530.0,80.0,100,2
"fitted, 100 seasons, history 2",5,1858730.3912269848,2732265.749247158,4339.715422851388,13.980683624738958,1,7584.0,80.0,8205.0,97.845917031951,7441.0,80.0,2082.0,80.0,1977.0,80.0,325.0,80.0,100,2
"fitted, 100 seasons, history 2",6,3212873.4725190043,3372471.8481427245,797.9918781186007,0.0,0,10100.0,98.95440991884928,7801.0,99.8921766373489,9752.0,80.0,2469.0,83.76132807095749,1813.0,80.0,458.0,80.0,100,2
"fitted, 100 seasons, history 2",7,2549054.399132705,3092519.7361982428,2542.6034045710203,87.36164037833441,2,9355.0,88.82516474929453,7417.0,109.04143453803322,7180.0,80.0,3038.0,80.0,1822.0,80.0,420.0,80.0,100,2
"fitted, 100 seasons, history 2",8,320894.23624043027,2201557.9531627893,9403.318584611796,0.0,0,6825.0,80.0,7907.0,86.69254498074989,5917.0,80.0,1482.0,80.0,1327.0,80.0,197.0,80.0,100,2
"fitted, 100 seasons, history 2",9,1977782.3253231726,2706649.152943194,3644.3341381001064,0.0,0,9613.0,80.0,7608.0,89.04431558138721,7478.0,80.0,2033.0,80.0,1621.0,80.0,322.0,80.0,100,2
"fitted, 100 seasons, history 2",10,1519219.5092820236,2604613.3834907413,5426.969371043588,0.0,0,8077.0,80.0,8151.0,91.5094323997965,6933.0,80.0,2002.0,80.0,1678.0,80.0,288.0,80.0,100,2
"fitted, 100 seasons, history 2",11,2929998.909927422,3315800.6031230185,1861.8275757668716,33.590445105553954,2,9755.0,92.35312774593343,7427.0,115.48892014085874,7484.0,80.0,2604.0,88.06399574074122,2275.0,80.0444708258241,565.0,80.0,100,2
"fitted, 100 seasons, history 2",12,3060753.2444376396,3382619.545883909,426.41196153504825,591.4597728481494,2,9721.0,90.64342774441965,7140.0,114.7607077149523,8663.0,80.0,2535.0,86.10169317862808,2546.0,80.03038495427872,604.0,80.01822687241415,100,2
"fitted, 100 seasons, history 2",13,3212728.7209001044,3404157.856138525,541.3283269491476,207.90867462147799,2,9626.0,80.0,8416.0,116.07998483434511,10289.0,83.42927052793031,1985.0,84.8800329243206,2253.0,83.73084966738766,352.0,80.0,100,2
"fitted, 100 seasons, history 2",14,2047761.1149229659,2903363.311998844,4278.010985379391,0.0,0,10079.0,85.26811864040404,8636.0,101.17021123462388,6323.0,80.0,2453.0,80.0,1338.0,80.0,241.0,80.0,100,2
"fitted, 100 seasons, history 2",15,1272231.6964705116,2548547.482921453,6381.578932254708,0.0,0,7473.0,80.0,8345.0,96.09436583840062,5831.0,80.0,2151.0,80.0,1656.0,80.0,305.0,80.0,100,2
"fitted, 100 seasons, history 2",16,2918402.1804176793,3257792.920254022,801.4747581998017,447.7394704909548,2,9403.0,84.88848395370668,6818.0,113.85636893265773,8244.0,80.0,2762.0,83.48185775786703,2591.0,80.0,617.0,80.0,100,2
"fitted, 100 seasons, history 2",17,2965101.9337664917,3372669.105634354,2037.8358593393114,0.0,0,10001.0,94.44453752519291,7697.0,114.47843826602048,8355.0,80.0,2488.0,85.50416931497993,2136.0,80.0,464.0,80.0,100,2
"fitted, 100 seasons, history 2",18,2106877.022589653,2883602.2031339817,3773.6362581192707,54.994822301187014,1,8799.0,80.0,7891.0,109.1575469692031,6498.0,80.0,2514.0,80.0,1968.0,80.0,339.0,80.0,100,2
"fitted, 100 seasons, history 2",19,2506899.7257144437,3161100.6547079235,2334.448294582856,468.2781751922721,2,9173.0,91.66477056963973,7043.0,113.25964825956994,6975.0,80.0,3178.0,81.68848514481863,2029.0,80.0,503.0,80.0,100,2
"fitted, 100 seasons, history 2",20,2938980.7204638375,3304776.231600377,1460.7206117345104,184.12847197409246,2,9707.0,89.65903618049312,7256.0,115.1354421383769,7715.0,80.0,2552.0,87.27139483547556,2439.0,80.0,609.0,80.0,100,2
"fitted, 100 seasons, history 2",21,3356095.0122133703,3422309.4137493055,0.0,165.53600383983758,3,9656.0,95.55160835801988,7055.0,102.5474933565645,9998.0,83.35758344645967,2733.0,82.15931766479389,2269.0,80.30568445809826,537.0,80.2429373615059,100,2
"fitted, 100 seasons, history 2",22,833174.1037749886,2295488.641937971,7311.572690814913,0.0,0,7364.0,80.0,8151.0,87.49461930290407,5932.0,80.0,1559.0,80.0,1330.0,80.0,235.0,80.0,100,2
"fitted, 100 seasons, history 2",23,2333324.495911213,3145800.0962847937,2929.2155993928072,566.5812012375482,2,9516.0,92.478712422334,7609.0,114.26596508938626,6578.0,80.0,2999.0,82.69472165867343,1786.0,80.0,368.0,80.0,100,2
"fitted, 100 seasons, history 2",24,3513031.3598240167,3528093.4521525167,75.31046164250074,0.0,0,10023.0,96.32304394377203,7483.0,113.89056487044027,9923.0,80.86968533303556,2450.0,84.74070155463961,2310.0,80.18143963297724,506.0,80.54473616388947,100,2
"fitted, 100 seasons, history 2",25,2276780.5926854117,3034786.7688293755,3790.030880719818,0.0,0,9489.0,90.36111477342781,7702.0,110.12076742979991,6299.0,80.0,3006.0,80.0,1654.0,80.0,332.0,80.0,100,2
"fitted, 100 seasons, history 2",26,1205202.2840944924,2526145.5491906777,6382.088723065331,111.31380120779795,1,5073.0,80.0,8300.0,98.50428303502142,7332.0,80.0,1621.0,80.0,2396.0,80.0,306.0,80.0,100,2
"fitted, 100 seasons, history 2",27,3224045.505320512,3490880.9637146257,856.0859029359253,239.04569451732095,2,10348.0,94.48506487875991,7993.0,116.38088390535009,8766.0,80.0,2211.0,90.51004601250753,2281.0,80.19245723108094,480.0,80.25256523489952,100,2
"fitted, 100 seasons, history 2",28,1733505.9531145399,2701405.0181526737,4839.495325190669,0.0,0,8900.0,80.0,8016.0,94.99563599709003,6170.0,80.0,2419.0,80.0,1608.0,80.0,375.0,80.0,100,2
"fitted, 100 seasons, history 2",29,2504589.896178316,3020353.4428959526,2549.2639291760897,14.776902206047453,1,9499.0,83.40339894884072,7553.0,106.28155120891232,7095.0,80.0,2767.0,80.0,1973.0,80.0,414.0,80.0,100,2
