policy,seed,score,revenue,unsold,denied,nights_denied,sold_fri,night_price_fri,sold_sat,night_price_sat,sold_sun,night_price_sun,sold_fri_sat,night_price_fri_sat,sold_sat_sun,night_price_sat_sun,sold_fri_sat_sun,night_price_fri_sat_sun
fixed prices,0,2811821.738343783,3184858.652666807,1865.1845716151201,0.0,0,9360.0,85.85210919380188,7438.0,109.69654619693756,8334.0,80.0,2795.0,80.0,2181.0,80.0,427.0,80.0
fixed prices,1,2494750.8610542607,3081879.4810557365,2746.161456664753,94.740821671312,2,9562.0,85.85210919380188,7640.0,109.69654619693756,7030.0,80.0,2995.0,80.0,1807.0,80.0,384.0,80.0
fixed prices,2,2071320.857097169,2899563.2231497765,4141.211830263038,0.0,0,9358.0,85.85210919380188,7648.0,109.69654619693756,6168.0,80.0,2808.0,80.0,1550.0,80.0,277.0,80.0
fixed prices,3,3081057.483742754,3292395.0094664097,1056.6876286182778,0.0,0,9152.0,85.85210919380188,8250.0,109.69654619693756,10200.0,80.0,2170.0,80.0,2304.0,80.0,291.0,80.0
fixed prices,4,2372044.9014970325,3049474.840939641,3387.1496972130417,0.0,0,8146.0,85.85210919380188,7337.0,109.69654619693756,7770.0,80.0,2745.0,80.0,2311.0,80.0,478.0,80.0
fixed prices,5,1512709.3711583118,2672255.1085215807,5797.728686816345,0.0,0,6905.0,85.85210919380188,6603.0,109.69654619693756,7701.0,80.0,2066.0,80.0,2031.0,80.0,348.0,80.0
fixed prices,6,2596907.611356628,3094111.5401637554,2486.019644035636,0.0,0,10655.0,85.85210919380188,6336.0,109.69654619693756,9705.0,80.0,2149.0,80.0,1818.0,80.0,305.0,80.0
fixed prices,7,2451158.0294397036,3035981.311776042,2809.6892945828304,57.21355854943067,1,9618.0,85.85210919380188,7231.0,109.69654619693756,7142.0,80.0,2836.0,80.0,1890.0,80.0,373.0,80.0
fixed prices,8,-179643.22433976922,2117031.7638599873,11483.374940998783,0.0,0,6372.0,85.85210919380188,5002.0,109.69654619693756,6227.0,80.0,1545.0,80.0,1354.0,80.0,247.0,80.0
fixed prices,9,1568818.9393547857,2659943.2611238956,5455.621608845549,0.0,0,8767.0,85.85210919380188,5148.0,109.69654619693756,8069.0,80.0,2101.0,80.0,1666.0,80.0,393.0,80.0
fixed prices,10,1063111.890145498,2529632.798319459,7332.604540869805,0.0,0,7287.0,85.85210919380188,5739.0,109.69654619693756,7298.0,80.0,2124.0,80.0,1729.0,80.0,309.0,80.0
fixed prices,11,2632444.018863967,3119123.6149305105,2343.3317602833376,45.03311002468945,2,9197.0,85.85210919380188,7277.0,109.69654619693756,7418.0,80.0,3314.0,80.0,1871.0,80.0,451.0,80.0
fixed prices,12,2821253.4359968426,3234907.567551732,808.5691463204803,629.8507557269841,2,9321.0,85.85210919380188,7019.0,109.69654619693756,8639.0,80.0,3117.0,80.0,2245.0,80.0,482.0,80.0
fixed prices,13,2775730.9214256755,3211333.6940521,1759.2997620532242,209.35705053944912,2,8129.0,85.85210919380188,8397.0,109.69654619693756,10256.0,80.0,2032.0,80.0,2348.0,80.0,296.0,80.0
fixed prices,14,1700654.7557748961,2801649.77409184,5504.975091584718,0.0,0,9947.0,85.85210919380188,7023.0,109.69654619693756,6317.0,80.0,2476.0,80.0,1347.0,80.0,251.0,80.0
fixed prices,15,1034732.1327272202,2535359.299682975,7503.135834778774,0.0,0,6847.0,85.85210919380188,6657.0,109.69654619693756,6164.0,80.0,2286.0,80.0,1775.0,80.0,310.0,80.0
fixed prices,16,2820865.8337847204,3200096.5485161543,1030.290285177156,432.9316442400068,2,9217.0,85.85210919380188,6961.0,109.69654619693756,8298.0,80.0,2969.0,80.0,2365.0,80.0,533.0,80.0
fixed prices,17,2634921.8841341543,3167781.486134529,2664.298010001874,0.0,0,9927.0,85.85210919380188,7818.0,109.69654619693756,7984.0,80.0,2701.0,80.0,1894.0,80.0,350.0,80.0
fixed prices,18,1896052.5804073547,2847312.8835451603,4577.440347466612,89.43058411120728,1,7762.0,85.85210919380188,7814.0,109.69654619693756,6489.0,80.0,2610.0,80.0,1936.0,80.0,322.0,80.0
fixed prices,19,2347679.2768981205,3043346.6115665436,2672.42710329738,402.954785022368,2,9421.0,85.85210919380188,7270.0,109.69654619693756,6754.0,80.0,3019.0,80.0,1960.0,80.0,417.0,80.0
fixed prices,20,2618373.4121866277,3124050.9858077765,2135.8125758844226,196.28764611066072,2,9191.0,85.85210919380188,7137.0,109.69654619693756,7410.0,80.0,3213.0,80.0,2091.0,80.0,461.0,80.0
fixed prices,21,2831635.9704084597,3174654.6074444056,1380.7224894686024,167.18534785556403,2,10199.0,85.85210919380188,6067.0,109.69654619693756,10334.0,80.0,2317.0,80.0,2043.0,80.0,455.0,80.0
fixed prices,22,238511.46374958474,2187777.6600801945,9746.33098165305,0.0,0,6759.0,85.85210919380188,5196.0,109.69654619693756,6158.0,80.0,1683.0,80.0,1358.0,80.0,243.0,80.0
fixed prices,23,2144279.1777972374,3019269.064244628,3223.674122716673,575.6376547601394,2,9684.0,85.85210919380188,7951.0,109.69654619693756,6491.0,80.0,2928.0,80.0,1610.0,80.0,293.0,80.0
fixed prices,24,3215533.625838062,3322919.9667447805,536.9317045335938,0.0,0,10045.0,85.85210919380188,7693.0,109.69654619693756,9697.0,80.0,2587.0,80.0,2085.0,80.0,389.0,80.0
fixed prices,25,2103998.2110612737,2945920.1267832518,4209.6095786098895,0.0,0,9806.0,85.85210919380188,7631.0,109.69654619693756,6375.0,80.0,2725.0,80.0,1553.0,80.0,302.0,80.0
fixed prices,26,886038.6987293165,2443018.084897995,7784.8969308433925,0.0,0,4382.0,85.85210919380188,6676.0,109.69654619693756,7555.0,80.0,1637.0,80.0,2428.0,80.0,332.0,80.0
fixed prices,27,2730467.4766149186,3200554.846894741,1863.4543815157804,243.49123494166633,2,9555.0,85.85210919380188,7718.0,109.69654619693756,8139.0,80.0,3137.0,80.0,1798.0,80.0,387.0,80.0
fixed prices,28,1248188.6695437199,2609359.796823859,6805.855636400696,0.0,0,8113.0,85.85210919380188,6157.0,109.69654619693756,6294.0,80.0,2416.0,80.0,1640.0,80.0,354.0,80.0
fixed prices,29,2373131.3062597634,2988661.406751871,3077.6505024605394,0.0,0,9063.0,85.85210919380188,6908.0,109.69654619693756,7478.0,80.0,2715.0,80.0,1978.0,80.0,432.0,80.0
planner,0,3012090.8254378806,3290373.914590329,1391.4154457622426,0.0,0,9711.0,85.261395040237,7274.0,115.81855792344305,8404.0,80.0,2567.0,84.64673101275079,2440.0,80.0,511.0,80.0
planner,1,2783230.3628084315,3266836.288512841,2236.084180591447,90.97272396530025,2,9803.0,92.70210632157729,7564.0,115.74330880513612,7279.0,80.0,2662.0,85.59638475589202,2102.0,80.0,451.0,80.0
planner,2,2177974.2544199023,2937844.42788139,3761.4138405318063,18.96851338781562,2,9678.0,85.82925996157866,8021.0,107.16729210487864,6015.0,80.0,2758.0,80.0,1579.0,80.0,302.0,80.0
planner,3,3447763.711288676,3470506.0244304687,113.71156570896346,0.0,0,10512.0,81.16335087601816,8446.0,117.02301603191707,10154.0,82.1695005419406,1836.0,88.12531002612545,2271.0,82.50885946662191,401.0,80.0
planner,4,2720263.9930957872,3164124.249920994,2219.3012841260334,0.0,0,9293.0,80.09872974446859,7066.0,115.59409954126195,7837.0,80.0,2641.0,82.69102024901143,2626.0,80.1913324622643,492.0,80.0
planner,5,1946120.1923214174,2757626.084883539,4057.5294628106085,0.0,0,7780.0,80.0,8100.0,97.8402573930295,7534.0,80.0,2138.0,80.0,1959.0,80.0,352.0,80.0
planner,6,3169043.8211014397,3353446.487108879,922.0133300371963,0.0,0,10206.0,98.99288937018744,7800.0,98.91683963999057,9789.0,80.0,2397.0,83.66577159049216,1785.0,80.0,424.0,80.0
planner,7,2582315.5317907366,3107090.0634691864,2389.556235720872,117.15821133568897,2,9456.0,88.3118415530121,7469.0,109.306907182207,7321.0,80.0,2956.0,80.0,1890.0,80.0,394.0,80.0
planner,8,323827.9468816384,2204284.787195921,9402.284201571412,0.0,0,6860.0,80.0,7802.0,87.18338723351974,5952.0,80.0,1490.0,80.0,1337.0,80.0,195.0,80.0
planner,9,2058455.5399726126,2739813.8845592737,3406.791722933306,0.0,0,9628.0,80.0,7494.0,90.40484181468824,7639.0,80.0,2097.0,80.0,1637.0,80.0,348.0,80.0
planner,10,1492639.867135057,2598295.187212676,5528.276600388094,0.0,0,7962.0,80.0,8049.0,92.28167315351916,6992.0,80.0,2044.0,80.0,1650.0,80.0,284.0,80.0
planner,11,2973406.992105236,3335560.8581965556,1745.443577904478,32.66287627606107,2,9770.0,92.24911477439632,7424.0,116.540989763824,7606.0,80.0,2567.0,88.38694406492635,2276.0,80.07900319402928,592.0,80.12866299297359
planner,12,3114888.054305648,3405814.716139026,257.2606913943673,598.686308886261,2,9540.0,91.44454846326144,6932.0,115.83789558851187,8850.0,80.0,2692.0,85.8033862518476,2525.0,80.0,652.0,80.0
planner,13,3232772.250058671,3417847.3279283755,512.1349125674333,206.62023839054382,2,9684.0,80.0,8440.0,116.89905020165791,10287.0,83.63890735581887,1932.0,85.30279918918946,2215.0,84.28349620542798,388.0,80.0
planner,14,1972836.7695875966,2862717.6484255353,4449.404394189693,0.0,0,10150.0,84.17526076967494,8599.0,100.00450652556515,6207.0,80.0,2357.0,80.0,1330.0,80.0,258.0,80.0
planner,15,1315332.907920686,2561456.6831905,6230.618876349069,0.0,0,7496.0,80.0,8296.0,96.16401677802554,5882.0,80.0,2213.0,80.0,1683.0,80.0,292.0,80.0
planner,16,2966976.682309168,3272591.768997479,649.7108223677369,439.18230553690955,2,9370.0,84.40888596179009,6752.0,115.04764215684423,8385.0,80.0,2773.0,83.66369053236455,2618.0,80.0,630.0,80.0
planner,17,2949914.275505195,3362255.7656020857,2061.707450484455,0.0,0,9798.0,94.64287334655008,7498.0,115.0921149100069,8380.0,80.0,2667.0,84.78144262417631,2102.0,80.0,471.0,80.0
planner,18,2113812.909575564,2894609.0315917134,3721.2907902490933,91.34490991582788,1,8782.0,80.0,7821.0,109.76205492797767,6509.0,80.0,2593.0,80.0,1997.0,80.0,327.0,80.0
planner,19,2478671.3696603924,3145887.668123534,2398.9544109437547,468.5635406859765,2,9063.0,91.77600435065447,6886.0,113.70679406417686,6893.0,80.0,3305.0,80.9465592689305,2059.0,80.0,480.0,80.0
planner,20,2994439.482325659,3323313.0238582753,1306.0841186141752,169.14179452445205,2,9683.0,90.06719084199759,7101.0,116.10103216775862,7776.0,80.0,2546.0,87.44746863602047,2549.0,80.0156924284033,631.0,80.01926847191885
planner,21,3345710.8232817347,3418821.174069764,36.11329336454219,164.71923028780293,2,9654.0,95.34673485652856,6938.0,103.32864723125358,9913.0,83.69895939859795,2704.0,81.79936076466892,2326.0,80.19959795095751,566.0,80.26053243398982
planner,22,824030.0439856022,2295429.436521828,7356.99696268113,0.0,0,7389.0,80.0,8051.0,88.17655403326644,5932.0,80.0,1560.0,80.0,1326.0,80.0,242.0,80.0
planner,23,2350066.329762373,3154165.437029712,2884.4454348569843,568.0250507398559,2,9479.0,92.57104875494326,7552.0,115.11934097688813,6647.0,80.0,3053.0,82.7420902103088,1794.0,80.0,347.0,80.0
planner,24,3497160.728045007,3512794.044476524,78.16658215758434,0.0,0,9859.0,96.35506024582097,7306.0,114.25213820907516,9905.0,80.64360181494592,2605.0,84.18246411533593,2304.0,80.01486379032333,507.0,80.22970242848292
planner,25,2221211.8557650167,3010011.144331321,3943.9964428315207,0.0,0,9517.0,90.05311967214547,7817.0,109.00545022534382,6277.0,80.0,2980.0,80.0,1532.0,80.0,320.0,80.0
planner,26,1160313.5352899425,2497300.619694204,6609.010005206569,37.962708407369064,1,4928.0,80.0,8267.0,98.65980642242701,7298.0,80.0,1555.0,80.0,2418.0,80.0,283.0,80.0
planner,27,3235141.522709028,3492490.9938206896,810.9514470523081,237.89795425299963,2,10368.0,94.05055227825262,7982.0,117.11812555262097,8781.0,80.0,2168.0,90.60156898009436,2304.0,80.08805943859949,491.0,80.21982936048217
planner,28,1657967.5950982445,2672892.3719939915,5074.623884478736,0.0,0,9003.0,80.0,8119.0,94.47621283335282,6089.0,80.0,2295.0,80.0,1580.0,80.0,327.0,80.0
planner,29,2519250.8028531307,3013383.0176400673,2470.6610739346834,0.0,0,9586.0,82.88816004015324,7687.0,104.76091004229977,7284.0,80.0,2613.0,80.0,1909.0,80.0,447.0,80.0
planner + pickup,0,3064955.524163027,3317249.5072877407,1261.4699156235692,0.0,0,9415.0,87.42942390622956,6812.0,118.9599200296563,8464.0,80.0,2838.0,83.50713635809913,2570.0,80.0,506.0,80.0
planner + pickup,1,2813795.2656203276,3277736.631193701,2166.465015566153,76.62090615035777,2,9267.0,95.68326717757957,6940.0,118.63178908155012,7330.0,80.0,3166.0,83.77371731413669,2098.0,80.0,480.0,80.0
planner + pickup,2,2153234.638375239,2951004.7123280913,3777.475904321239,105.68723272151146,2,9856.0,84.51570309566291,8378.0,106.00127264835949,6070.0,80.0,2637.0,81.8997497856052,1498.0,80.0,303.0,80.0
planner + pickup,3,3395412.2958124783,3498591.0968910996,515.8940053931074,0.0,0,9990.0,84.24129384773988,8710.0,119.07414181669051,10479.0,81.46934105952012,1798.0,91.20756752063853,1920.0,88.67321832340531,407.0,80.0
planner + pickup,4,2740823.2081019618,3165254.313067496,2122.155524827669,0.0,0,9061.0,80.54565780526714,6761.0,116.59245449068314,7933.0,80.0,2843.0,81.36977187521308,2721.0,80.0,477.0,80.0
planner + pickup,5,1807233.654175966,2726768.2640456,4382.801302710459,107.43587331885465,1,7693.0,80.0,8626.0,94.86300301942964,7415.0,80.0,1942.0,80.0,1925.0,80.0,338.0,80.0
planner + pickup,6,3066062.980386727,3330579.3018414476,1322.5816072736034,0.0,0,9782.0,102.97313594982734,6960.0,101.4668280274618,9839.0,80.0,2721.0,82.46360950185638,1712.0,80.0,447.0,80.0
planner + pickup,7,2590997.8988183164,3109301.855427772,2415.987824265909,87.76597939068415,2,9589.0,88.18597341762654,7599.0,108.65179378290775,7283.0,80.0,2848.0,80.54100691183899,1906.0,80.0,382.0,80.0
planner + pickup,8,496804.3767015538,2230377.542601824,8667.86582950135,0.0,0,6803.0,80.0,9135.0,80.11138944738082,5814.0,80.0,1492.0,80.0,1252.0,80.0,209.0,80.0
planner + pickup,9,2192224.7402372924,2772790.8413231373,2825.1215060726754,38.854499678274806,1,9573.0,80.0,8656.0,85.29469054102788,7715.0,80.0,2015.0,80.0,1584.0,80.0,315.0,80.0
planner + pickup,10,1634846.2423074376,2640428.8362468407,5027.912969697016,0.0,0,8007.0,80.0,8779.0,89.3710942301903,6909.0,80.0,2029.0,80.0,1665.0,80.0,298.0,80.0
planner + pickup,11,3022001.238658872,3364810.7706901804,1665.8078351444165,24.119912506062974,1,9838.0,93.50147663398859,7245.0,119.06250726543188,7483.0,80.0,2432.0,90.33210905159267,2463.0,80.0,626.0,80.0
planner + pickup,12,3161071.7494871737,3437744.9941195734,177.48723306540705,602.9394950482965,2,9630.0,92.38302393002301,6774.0,118.98759391012536,8785.0,80.0,2605.0,87.27725768258398,2692.0,80.0,641.0,80.0
planner + pickup,13,3192438.4579340355,3451793.9860016387,901.9071121965353,197.43526407074023,2,9291.0,82.11380503313904,8764.0,118.99023006423212,10529.0,84.14730262595434,1772.0,88.90578508797537,1910.0,90.03539148045958,421.0,80.0
planner + pickup,14,2026607.9154435536,2891515.716061555,4324.539003090007,0.0,0,10081.0,84.38215742348685,8719.0,100.15716444741973,6248.0,80.0,2481.0,80.06224712985315,1344.0,80.0,231.0,80.0
planner + pickup,15,1349142.6699965885,2569440.113891512,6101.4872194746185,0.0,0,7424.0,80.0,8742.0,93.51637084094168,5946.0,80.0,2128.0,80.0,1682.0,80.0,303.0,80.0
planner + pickup,16,2911650.2115774644,3255778.6318907235,848.3831624956765,436.1294695353099,2,9328.0,85.71190841163718,6730.0,115.11551599353027,8244.0,80.0,2885.0,82.3727084212328,2577.0,80.0,560.0,80.0
planner + pickup,17,2989769.2610189626,3389438.947955761,1998.3484346839923,0.0,0,9684.0,96.47494283166839,7222.0,117.71852653402432,8386.0,80.0,2766.0,85.30231434294303,2190.0,80.0,466.0,80.0
planner + pickup,18,1961254.9439110495,2832416.607541088,4139.769612396583,108.01935287680499,1,8585.0,80.0,8304.0,103.75445904130581,6489.0,80.0,2442.0,80.23625404008776,1804.0,80.24548639974942,348.0,80.0
planner + pickup,19,2525148.3206012594,3166233.194402652,2273.3693350172534,466.0275169948545,2,9080.0,91.86506156923684,6860.0,114.27244081333654,6995.0,80.0,3279.0,81.26097764173416,2086.0,80.0,508.0,80.0
planner + pickup,20,3027551.8182486882,3337349.6675687656,1194.8189953553374,177.08512562252508,2,9566.0,90.02405007600164,6943.0,118.48854913404038,7936.0,80.0,2665.0,87.32337859363818,2541.0,80.0,611.0,80.0
planner + pickup,21,3334466.1813335265,3436058.1491276436,176.83902124579436,165.56040886239498,2,9169.0,99.67112417868219,6184.0,106.98243419489164,9816.0,85.45178230109184,3078.0,80.16236897410317,2375.0,80.0,618.0,80.0
planner + pickup,22,886398.7921742011,2330966.6762912273,6654.952072167724,283.94367420870367,1,7140.0,80.0,9543.0,80.13482932947997,5948.0,80.0,1585.0,80.0,1306.0,80.0,236.0,80.0
planner + pickup,23,2353825.822240989,3146536.5953781083,2882.402382599923,540.5757415428361,2,9466.0,92.74622650568317,7520.0,114.69767735779602,6649.0,80.0,3053.0,82.34429766535955,1781.0,80.0,360.0,80.0
planner + pickup,24,3509162.8202693863,3531829.4678809866,113.33323805800137,0.0,0,9637.0,98.16608852066028,7043.0,116.24647065952693,9846.0,81.80711574605779,2659.0,85.83793123667739,2320.0,80.0,558.0,80.0
planner + pickup,25,2265891.4060870125,3024188.3920033276,3791.4849295815757,0.0,0,9557.0,89.80742232327346,7882.0,107.94651097761015,6389.0,80.0,2970.0,80.27347766570371,1572.0,80.0,315.0,80.0
planner + pickup,26,1054307.1332455373,2480681.0034792125,6746.307373612565,192.7809887779058,1,4850.0,80.0,8722.0,94.16659063049903,7232.0,80.0,1535.0,80.02605863192183,2331.0,80.05148005148006,308.0,80.0
planner + pickup,27,3326785.9820854105,3561046.2786547095,778.9322568691514,196.18461298867078,2,10521.0,97.23532874453358,8124.0,119.07445210216962,8709.0,80.0,1778.0,99.93501730439232,2361.0,81.61448846273329,555.0,80.0
planner + pickup,28,1740091.6648843377,2697471.9443146093,4786.901397151359,0.0,0,8931.0,80.0,8454.0,92.32457349356628,6066.0,80.0,2414.0,80.0,1608.0,80.0,307.0,80.0
planner + pickup,29,2580983.1341625797,3056216.9923874736,2259.1826199979914,58.49333556323836,2,9543.0,84.13140310513846,7575.0,104.7116848257607,7397.0,80.0,2806.0,80.0,1987.0,80.0,423.0,80.0
SAC,0,2471944.1277315207,3099749.908834696,2942.953222024016,98.03784174592874,1,9444.0,84.66479642266997,9122.0,100.59111230116198,8355.0,80.90121649154855,2191.0,85.17357193460643,1667.0,84.27791353965421,200.0,87.4010421037674
SAC,1,2232221.613150741,2990470.384428501,3791.2438563888,0.0,0,10307.0,86.22457685937378,9185.0,98.50356879582142,7004.0,82.13948996968435,2084.0,86.942811382366,1236.0,86.67914943594762,170.0,88.32334971427917
SAC,2,1785451.231471199,2804703.035649061,5096.25902088931,0.0,0,9908.0,84.71396093039826,9152.0,98.68382233852795,5896.0,81.83258307655437,2017.0,86.22584039111744,1146.0,84.64658185241527,144.0,87.66864154073927
SAC,3,3013238.643572772,3262448.154489994,1246.0475545861118,0.0,0,9954.0,83.53023163388957,9433.0,101.62822757560401,10632.0,81.32056102863015,1685.0,83.81225662344642,1685.0,83.69381828477898,164.0,87.8729284318482
SAC,4,2172932.7492221254,2972785.871088505,3999.2656093318974,0.0,0,8755.0,83.2185755262097,8551.0,100.32367075846051,7837.0,80.71086553114478,2207.0,84.19035607406225,1915.0,83.51213136416503,241.0,86.22515310885007
SAC,5,1608236.9567817603,2662986.180357933,5273.7461178808635,0.0,0,7714.0,81.50100831265952,8192.0,96.27572167664766,7384.0,80.86880033882183,1726.0,82.8208428407185,1915.0,81.33751150957909,200.0,85.0687499821186
SAC,6,2622991.528800646,3158138.5070753098,2675.7348913733204,0.0,0,10783.0,90.90836074470998,8251.0,98.29365387842476,9636.0,81.38889556222557,1556.0,89.36316985320923,1501.0,84.55103971575356,190.0,88.8928273100602
SAC,7,2049540.129818067,2891604.5239448547,4210.321970633939,0.0,0,9799.0,84.94157156027973,8751.0,98.20888130286941,6866.0,81.43158822947885,2000.0,86.46226195812226,1411.0,84.65083444735245,213.0,87.62622303246333
SAC,8,-386585.6380135217,2031248.6641001701,12089.17151056846,0.0,0,5767.0,87.92002354086593,7944.0,87.6264526416648,5249.0,86.3475057692227,1229.0,83.52346976468775,829.0,86.86344899515767,99.0,86.03031534137148
SAC,9,1658919.1367614719,2656988.8713252544,4990.348672818913,0.0,0,9515.0,83.03651633052155,7878.0,90.29058463184867,7549.0,81.64388006642127,1513.0,85.49670175614139,1500.0,82.01983079592387,126.0,91.23023859092167
SAC,10,1164067.93691542,2517763.5456740856,6768.478043793329,0.0,0,7974.0,81.67616654853639,7825.0,93.31058103741168,6817.0,80.8352514435613,1705.0,83.0397144293855,1636.0,81.67167281609001,129.0,90.11226937752362
SAC,11,2324402.444386819,3029125.9499144554,3523.6175276381828,0.0,0,10180.0,86.05219747029494,9063.0,98.4709281516525,7064.0,82.11131472988549,2288.0,86.89755492954404,1309.0,86.90346968911639,210.0,88.0662469409761
SAC,12,2588510.779481297,3173955.839533806,1815.628655292663,555.7983224849413,1,9431.0,86.26633403119473,8849.0,100.35250422913876,8611.0,81.42945102013967,2243.0,86.25340550965196,1888.0,84.74156847634053,243.0,88.13825918323218
SAC,13,2836286.9775472996,3263645.687673092,1391.848597260081,372.47247668444106,2,9031.0,83.16104052286187,9470.0,101.94607539980062,10766.0,82.99669801114815,1693.0,83.17343128551342,1984.0,83.10107935941026,162.0,86.98811657634782
SAC,14,1599262.7198186873,2765127.9833376408,5829.326317594767,0.0,0,10096.0,84.93563531376952,9424.0,96.32685147048763,5971.0,81.80396317916586,1799.0,86.75602047293633,1024.0,84.74590644123964,95.0,90.0853289679477
SAC,15,1006790.6106437091,2480857.1012449265,7370.332453006087,0.0,0,7358.0,81.27658358570284,8179.0,96.55077046819822,5907.0,80.55579179411353,1886.0,82.58549616357048,1560.0,81.3667320402769,205.0,84.41543079585564
SAC,16,2406900.379424183,3052194.612852335,2624.730264860669,300.8704511400447,1,8862.0,85.52800436881884,8461.0,100.73075592243111,8098.0,80.96130426694329,2311.0,84.83778172733979,1932.0,83.83180768531795,266.0,88.0846344393895
SAC,17,2541216.255325455,3153563.214429617,3061.734795520809,0.0,0,10881.0,86.69224387910718,9544.0,97.8281018923584,8056.0,81.88605359687942,1982.0,87.32400212951914,1284.0,86.86961414472336,180.0,88.30730181270175
SAC,18,1694584.446843282,2759267.200255394,5253.129704532392,35.142031264083926,1,8113.0,83.05777143156662,8909.0,101.7527362937437,6435.0,80.54244883021552,2070.0,83.5123900330585,1586.0,82.62647770467352,205.0,85.8231426855413
SAC,19,2171049.301241038,2914739.598016739,3718.4514838785053,0.0,0,10055.0,85.3605741988599,8636.0,98.72523277073118,6660.0,81.83384377158082,2227.0,86.64241179094542,1294.0,85.28637633349464,198.0,87.89237483583315
SAC,20,2388285.355012615,3027461.346486807,3195.8799573709584,0.0,0,9442.0,85.56881324034377,8576.0,100.13418893274198,7721.0,81.97935378871084,2281.0,85.81525594714648,1564.0,84.90923746010226,272.0,86.66902521515594
SAC,21,2811397.578045291,3183033.570472002,1531.2939078815998,163.4430271259771,1,10175.0,87.74498424155121,7769.0,96.74663717566594,10735.0,81.2526556978017,1701.0,86.6207281236856,1826.0,83.59608579569813,249.0,88.86191469598486
SAC,22,182307.99722228153,2150820.7092630863,9842.563560204024,0.0,0,6722.0,85.4087949570571,7907.0,89.36255097660597,5545.0,84.90911997815743,1307.0,83.72988029390962,857.0,87.81876913307707,115.0,86.66884443034296
SAC,23,1966390.0631443933,2894443.886526823,4242.532883142066,198.86811688504167,1,10169.0,85.6208040250275,9510.0,98.65054893067457,6079.0,82.28282458316654,2098.0,86.97671565075393,1067.0,86.22987503187613,138.0,88.00257786460544
SAC,24,3053467.9531363323,3296044.5527613163,1212.88299812492,0.0,0,10381.0,88.06713507189455,9182.0,100.0690367336861,9916.0,81.23699487650188,1841.0,86.89630225519329,1610.0,85.3755547252501,236.0,88.38731070191173
SAC,25,1932888.563259785,2888390.2457737923,4777.508412570036,0.0,0,10730.0,85.10159386537504,9114.0,98.14058382834995,6071.0,82.04409778756299,2032.0,86.64496178526109,1130.0,85.22671211820789,143.0,88.50734460603941
SAC,26,786286.6268087325,2378399.9071085453,7960.566401499064,0.0,0,4776.0,81.18771084064814,8405.0,96.22566531883118,7375.0,80.38837005033331,1192.0,84.45887777029267,2033.0,82.36719380736174,212.0,82.94257764546376
SAC,27,2610961.959746561,3236916.8288350105,2123.7062613370754,503.0340420525863,2,10728.0,86.87729805885724,9825.0,99.32987530686474,8316.0,82.22453224624562,2079.0,86.1731791679764,1433.0,85.80805246928149,154.0,88.67528755943496
SAC,28,1330902.059777622,2596468.5928833485,6327.832665528632,0.0,0,8763.0,82.37427200504352,7967.0,94.31545925825681,6049.0,81.2285670248373,2066.0,83.35188975754227,1449.0,81.75904503684771,192.0,87.69489663963516
SAC,29,2071037.6399421683,2877837.080105543,4033.9972008168743,0.0,0,9275.0,83.95727048190135,8713.0,96.99866964063729,7168.0,81.08363266535369,2141.0,85.30800009987611,1493.0,83.81865867016225,217.0,87.8727152765072
"SAC, kept checkpoint",0,2276046.901340237,3121836.792602539,3248.632479455706,490.15848842790183,1,9138.0,83.28428475829125,9397.0,101.56442711261202,8077.0,82.16926975475764,2255.0,83.59569090115787,1747.0,85.76350283131438,256.0,85.97479197662324
"SAC, kept checkpoint",1,2062059.722017513,3011832.827986479,4051.2881149388895,348.7887074529699,1,10864.0,83.74935515598011,9362.0,100.49879528548671,6446.0,84.03112397166538,2300.0,85.67380810405898,1068.0,90.3538735551334,115.0,93.76839360983476
"SAC, kept checkpoint",2,1694979.5474278193,2766299.337939024,5356.5989525560235,0.0,0,10311.0,82.4443365175802,9230.0,98.30086112874817,5693.0,82.82636100329144,2125.0,84.98229693693273,824.0,90.01633056159159,98.0,94.71662567586316
"SAC, kept checkpoint",3,2976067.016394557,3246523.971210718,1352.2847740808065,0.0,0,9820.0,81.73762237030232,9240.0,101.10940064147954,10429.0,83.25170984271847,1791.0,82.85675631362855,1751.0,82.91241874223707,214.0,84.46321511937079
"SAC, kept checkpoint",4,2121885.959211671,3094622.3416793346,3659.1805851933877,602.2506635724658,1,8704.0,83.17479538224528,9177.0,101.32022616532525,7454.0,81.97115252844476,2614.0,83.18759078959427,1842.0,85.34335524329146,321.0,83.62470492395657
"SAC, kept checkpoint",5,1117694.8004396155,2540780.6678438187,7115.429337021016,0.0,0,7406.0,83.36659076839662,8559.0,94.823124203424,7091.0,83.89401974773529,1574.0,85.57896305069687,1194.0,88.75288276816133,129.0,91.83365062225697
"SAC, kept checkpoint",6,2620174.727841341,3153656.139833927,2667.407059962932,0.0,0,10389.0,93.95223145880108,8534.0,94.45963648811615,9429.0,81.74780313593672,1888.0,86.94021524009058,1415.0,85.12834872795078,111.0,94.4995615718601
"SAC, kept checkpoint",7,2041923.9640512553,2896781.62042737,4274.288281880574,0.0,0,9830.0,84.26419230528548,9198.0,97.68584574907078,6796.0,82.54494100107453,2019.0,86.4229103147895,1279.0,88.00970675425198,124.0,93.73720455554223
"SAC, kept checkpoint",8,-751954.3868944105,1923465.9134840965,13377.101501892535,0.0,0,6259.0,85.03990370409427,8341.0,86.77829674859225,4150.0,96.18628258389163,799.0,90.63250630609085,630.0,90.19918777261462,36.0,90.07952431837718
"SAC, kept checkpoint",9,1298717.40124957,2565994.2280113697,6336.384133808998,0.0,0,8453.0,87.43009705043158,8879.0,86.34132679779663,7270.0,83.60828475660274,1285.0,88.75167520408037,1087.0,88.79277200027684,114.0,91.70600942352362
"SAC, kept checkpoint",10,761764.2786531979,2400608.7099432945,8194.222156450483,0.0,0,7442.0,84.14365613101728,9693.0,86.06061933223374,6220.0,84.68023586445683,1253.0,88.49232721785403,866.0,93.13586745333727,116.0,87.47665607723697
"SAC, kept checkpoint",11,1974527.6697118718,3161815.0417101383,3519.3172808263444,1208.559789582494,2,10821.0,83.15143818214567,9381.0,101.364367882614,6773.0,83.96210021605154,2736.0,84.7381003741284,1367.0,88.99426099934888,126.0,93.81400648563627
"SAC, kept checkpoint",12,2582156.18156301,3160513.968719244,1905.127742882285,493.33059644944296,1,9678.0,84.62419382105388,8939.0,100.43577725408008,8439.0,82.38554544620625,2403.0,85.28268991834265,1616.0,86.87464471722004,218.0,88.41977148427875
"SAC, kept checkpoint",13,2912215.27331296,3247770.7424616814,1125.9371485234205,275.9200986100932,1,9554.0,81.25741242838374,9136.0,101.38667506167434,10783.0,83.41341646352416,1599.0,82.5124589154838,2067.0,81.59396116146443,180.0,82.4770592186186
"SAC, kept checkpoint",14,1441693.2335917095,2711852.3965990543,6350.795815036724,0.0,0,10269.0,83.72430756152669,9385.0,96.07674442584933,5871.0,83.01093059287854,1810.0,86.02451250829749,729.0,91.65770524486756,63.0,95.26133743543474
"SAC, kept checkpoint",15,587019.294001763,2366468.011171818,8897.243585850274,0.0,0,7263.0,82.78101219645745,9247.0,91.59475718780094,5370.0,84.63899356604067,1560.0,86.32792738156441,912.0,91.3979318084424,98.0,94.178378825285
"SAC, kept checkpoint",16,2298592.4207380405,3007697.9243326187,2938.7057550510135,303.410881460939,1,8664.0,83.5769619090295,8459.0,100.18046783871058,7845.0,81.91544259073173,2395.0,83.44421530118318,1815.0,84.89940943271333,338.0,84.46869255170314
"SAC, kept checkpoint",17,2464057.8729894813,3155112.6808309555,3326.426722381405,64.42365841298306,1,10653.0,84.91986800435227,9791.0,100.33783175243735,7644.0,83.16004861015603,2201.0,85.97730910978443,1208.0,89.95580871373612,132.0,92.35569738077395
"SAC, kept checkpoint",18,1603230.432093416,2725018.936970234,5608.942524384089,0.0,0,8594.0,81.40896725049816,9037.0,100.56223474364636,6134.0,82.2451840014111,2181.0,83.05179722535397,1181.0,88.66446414809425,152.0,88.64033895103555
"SAC, kept checkpoint",19,2168206.4213896757,2915974.2645812035,3738.839215957638,0.0,0,9984.0,83.66926015772594,8807.0,99.06463810868847,6516.0,83.2532444481033,2400.0,85.43865208377441,1202.0,88.61413020460856,150.0,94.54680778980256
"SAC, kept checkpoint",20,2293625.379628705,3117703.4492218494,2954.66052192167,582.8649130220274,2,10099.0,82.79623951023316,9190.0,101.17767621176287,7270.0,83.35482704049127,2596.0,84.41319910146423,1468.0,88.50966834567224,173.0,91.70341703244027
"SAC, kept checkpoint",21,2869361.9892037977,3177055.1034998894,1538.4655714804594,0.0,0,9492.0,91.74549779910052,8309.0,93.28939679885889,10596.0,81.3288289586433,1940.0,86.51075019725819,1756.0,84.21034361140332,135.0,93.57168201163962
"SAC, kept checkpoint",22,-255317.82286522537,2014882.6815390587,11351.00252202142,0.0,0,6928.0,84.23119393992506,8738.0,85.74567290718316,4387.0,94.22937399275297,871.0,90.06214910341869,517.0,93.54820495647895,52.0,96.67890186493213
"SAC, kept checkpoint",23,1691959.457275487,2956235.5072808266,4413.093210046217,954.1435199902407,2,10987.0,83.19822552640954,9564.0,99.89471859235935,5912.0,84.20427914965943,2290.0,85.33140242776496,952.0,90.47991550770126,91.0,94.6382206088894
"SAC, kept checkpoint",24,2885179.9407476247,3278383.5055422783,1468.8493735222455,248.58422522551155,1,10100.0,88.51604402797057,9533.0,96.7767248873469,9907.0,81.54994220236446,1922.0,86.55628975546695,1593.0,85.57039468750891,185.0,87.44866633415222
"SAC, kept checkpoint",25,1774703.8764612249,2889302.5293922424,5050.742004939989,261.12562985754994,1,10979.0,83.86805079154645,9319.0,98.06275102109507,5849.0,82.98535808454642,2136.0,86.21656004688266,952.0,90.97014033493875,97.0,95.4047141984566
"SAC, kept checkpoint",26,298211.29123240337,2236559.9224221706,9691.743155948836,0.0,0,4584.0,84.08499446110784,9757.0,89.53906617534079,6526.0,85.61402219480946,946.0,87.70193330203251,1205.0,92.65921745953223,112.0,87.86832860537938
"SAC, kept checkpoint",27,2192393.0768840006,3277393.0644464493,2911.9374199329704,1256.5312589396362,2,10681.0,83.8304043518181,10200.0,102.47979134134218,7658.0,85.88131968409687,2550.0,85.02356871249629,1202.0,90.86556681876571,97.0,92.66829785612441
"SAC, kept checkpoint",28,969953.6224776562,2509476.3318896294,7697.613547059866,0.0,0,8640.0,83.28781411851998,8687.0,92.42296830932935,5586.0,84.57078956913189,1848.0,86.4837581486929,913.0,90.93737306234479,100.0,96.27749446630477
"SAC, kept checkpoint",29,2041547.4669231544,2889126.1810469627,4237.893570619042,0.0,0,9230.0,85.24035774421588,9096.0,96.26017786844216,7056.0,82.28561037640317,2076.0,86.16532451614938,1411.0,87.48997444805737,153.0,90.44161018982432
BC -> SAC,0,2744905.0922844918,3166562.3142051697,2108.2861096033903,0.0,0,10295.0,81.6782970616052,8349.0,105.73455574726941,8170.0,80.29490810231451,1862.0,89.25000243681203,2208.0,80.96945177061835,398.0,81.21351150112535
BC -> SAC,1,2581606.040379313,3171515.855383873,2550.2946348552305,199.62722008378478,1,10262.0,88.15530610639806,8706.0,104.25920103696086,7173.0,80.28030603280646,2153.0,88.66255279258412,1869.0,80.77835349618209,409.0,81.17720213962359
BC -> SAC,2,1907797.7823307738,2859609.919371605,4408.970934008275,175.0448755979396,1,9932.0,84.17741931629814,9575.0,96.43790836807331,6087.0,80.24847659783468,1813.0,88.07587373670924,1420.0,80.58280971604334,261.0,81.06774365764925
BC -> SAC,3,3106022.6437616623,3380692.7080202103,804.186939051755,284.5816911204929,1,10401.0,81.74234722270586,8704.0,111.64927961058257,10640.0,80.51053568418313,1473.0,88.45982354268361,2243.0,82.42223192154165,292.0,81.86569930347677
BC -> SAC,4,2496701.3002824397,3078050.694657564,2906.746971875622,0.0,0,9153.0,80.65478038816495,8453.0,103.14741394145523,7848.0,80.2642701004198,1998.0,88.07128492000702,2325.0,80.98921004828587,450.0,81.08572348488701
BC -> SAC,5,1670692.3562499802,2694713.2358002663,5120.10439775143,0.0,0,7759.0,80.92607617378235,8709.0,95.61159339683695,7489.0,80.55231463051173,1362.0,89.94027231670862,1917.0,81.17223192268693,306.0,81.32736451485577
BC -> SAC,6,2551509.3556792913,3256080.7351589203,2481.198886832206,520.8290052829689,1,11601.0,91.36930151423877,7243.0,103.24959738287794,9311.0,82.21726379721265,1780.0,89.17775167240185,1697.0,81.06486093808289,365.0,82.31667329187263
BC -> SAC,7,2433357.5349118663,3030947.784347534,2787.7537595133963,100.09874383247188,1,10448.0,84.14352652672422,8936.0,99.13723237472341,7045.0,80.29848051189614,1882.0,88.65989369869739,1740.0,80.62045638588653,353.0,81.15966702993464
BC -> SAC,8,-910874.5334753091,1924574.1943085194,14177.243638919143,0.0,0,4517.0,101.24457128047415,7120.0,93.71403427036961,5289.0,86.32305822225482,887.0,92.43728832972762,802.0,89.06913370265627,145.0,84.12700445076516
BC -> SAC,9,1773727.7426598978,2691247.7824294567,4587.600198847795,0.0,0,9688.0,81.04291768432353,7279.0,93.8182478721431,7800.0,80.66934754176017,1472.0,87.1102638947575,1615.0,80.6383095665982,315.0,81.55100741840545
BC -> SAC,10,1019758.5977916166,2488380.795634985,7343.1109892168415,0.0,0,7942.0,81.50949267649405,7937.0,94.15953362380075,6775.0,81.05443975283211,1162.0,91.19772022029004,1657.0,80.99569960754178,262.0,81.65535217478075
BC -> SAC,11,2687938.9521893747,3250813.368881941,2161.9431714094408,326.2144560266952,2,10233.0,88.2079018131561,8197.0,107.16996678218793,7384.0,80.3428255233062,2371.0,88.89016369685298,2059.0,80.87722357295566,499.0,81.4219808459043
BC -> SAC,12,3059012.4848879427,3298959.030662775,654.3075674775064,272.71258069832766,2,10200.0,87.27979289573781,7859.0,107.83741423640485,8717.0,80.4955509691675,1983.0,90.09814600059617,2327.0,81.44546739574558,501.0,81.93927780834738
BC -> SAC,13,2821902.3558593425,3280873.4633803368,1530.812890144076,382.02132373044697,1,9387.0,81.27929527347837,8527.0,111.80757932287176,10532.0,80.71517281338963,1362.0,88.73560815480663,2385.0,83.19877848035385,309.0,81.82882386889658
BC -> SAC,14,1706742.2811052825,2780528.178822994,5368.929488588559,0.0,0,10353.0,83.83516832341276,9494.0,94.72384939362985,6110.0,80.3229789033459,1509.0,89.40154184877991,1214.0,80.62505377969003,234.0,81.09625363451804
BC -> SAC,15,894403.2995124522,2460421.063629389,7830.088820584683,0.0,0,7297.0,82.47904335372625,8782.0,93.95615510871595,5917.0,80.584746686635,1200.0,93.64083431462447,1590.0,81.91871722989113,292.0,81.4943616684169
BC -> SAC,16,2850867.298850409,3129225.651421547,1391.791762855688,0.0,0,9982.0,82.5690121808097,7832.0,104.29538887964449,8240.0,80.31592375893617,1945.0,89.40722741320691,2218.0,81.01561694826705,488.0,81.41918233183564
BC -> SAC,17,2913273.4913480156,3324756.4797604084,1994.874882911431,31.270029575265653,1,10869.0,88.45451562349136,8890.0,106.55120947082078,8110.0,80.54559220221128,1941.0,89.89481994812174,2001.0,80.86746636299655,368.0,81.77178720093292
BC -> SAC,18,1655164.2546609046,2805655.3465902805,4817.1012716013565,467.6770940227616,1,8613.0,80.72383488994795,9603.0,97.22642960429725,6465.0,80.2226051288525,1708.0,87.45635622139558,1798.0,81.11970231450837,278.0,81.0779959949658
BC -> SAC,19,2276294.8771466343,3040914.0889418125,2874.920025291529,474.0880168421809,2,9847.0,86.07795318298635,8558.0,100.21941291517007,6581.0,80.2171553675662,2311.0,88.07271077126354,1850.0,80.64118388665689,421.0,80.97640473599105
BC -> SAC,20,2839811.6283751214,3224610.3478991985,1671.6547176465938,126.16943998689567,1,10003.0,86.3251324449791,8029.0,106.50197994487789,7782.0,80.28565031264013,2222.0,89.22863476776412,2211.0,80.99118742561082,517.0,81.58454973416356
BC -> SAC,21,2824092.737501017,3226911.412155628,1588.2459766798347,212.92369829661038,1,10968.0,88.16915597709577,6791.0,103.18242436462221,9972.0,82.0976329967529,1746.0,88.8076517180479,1992.0,81.29421714319282,433.0,81.97858999012249
BC -> SAC,22,-285529.6967222318,2057636.2695479393,11715.829831350857,0.0,0,5280.0,96.0919680949865,7462.0,94.31059229361152,5676.0,83.94060209383,838.0,94.04182589139461,929.0,87.57082077222441,198.0,83.76682767362306
BC -> SAC,23,2070213.138014526,3089402.8119802475,3189.6938747064614,953.1272475610731,2,10496.0,87.41931035058437,9301.0,101.41680432986014,6520.0,80.21527770234763,2132.0,88.26058806107147,1598.0,80.58129632875827,295.0,81.00277094921823
BC -> SAC,24,3252399.6247361926,3477530.6072402,408.656682638024,358.49911494100706,1,11203.0,89.40730802940277,8330.0,108.28326826035476,9580.0,81.19760487049756,1754.0,91.44578048141679,2216.0,81.67311762967265,458.0,82.43144167042195
BC -> SAC,25,2135366.9862373685,2952164.3159782887,4063.845247504947,10.070700599826523,1,10202.0,86.11844398652401,9318.0,97.75138355307017,6312.0,80.23949254431652,1987.0,87.70521768986069,1448.0,80.5374818842714,306.0,81.14139314180885
BC -> SAC,26,651672.0379663939,2370788.164845705,8595.580634396556,0.0,0,4528.0,84.4750358269619,8612.0,96.68008982110898,7189.0,81.73452687737739,1062.0,89.33432507874153,1906.0,85.12857689874996,213.0,84.2418055635103
BC -> SAC,27,2915139.628218924,3445488.8252961636,1286.9691036112654,682.3884408874655,2,10790.0,90.08057989778068,8572.0,111.89757370651185,8387.0,80.82081469659998,2098.0,90.90469252449542,2186.0,81.6040362743533,398.0,82.31177311746319
BC -> SAC,28,1234645.995374037,2568148.0687761307,6667.510367010468,0.0,0,8786.0,81.20096575662971,8573.0,93.17878537718674,6076.0,80.57576574684367,1294.0,91.75741676845728,1575.0,81.04433558025057,302.0,81.19034464390862
BC -> SAC,29,2398071.2610164876,2968331.9937241077,2851.3036635381013,0.0,0,9986.0,81.07601425594255,8659.0,97.91069794876881,7244.0,80.3660894088624,1863.0,88.22629589453476,1891.0,80.74638000056581,389.0,81.07304411559608
"BC -> SAC, kept checkpoint",0,2777291.226544126,3194229.022524357,1837.019677574708,123.83465116322259,1,10033.0,82.99570834744812,7649.0,108.07848932151155,8149.0,80.31409642494212,2648.0,82.69729299667739,2145.0,80.6795948746599,396.0,81.04445990287897
"BC -> SAC, kept checkpoint",1,2497469.774442639,3133085.914852619,2752.372700890466,212.85400057971674,1,9888.0,86.0861929424083,8380.0,107.1835972261315,7113.0,80.62307709030641,2463.0,85.21894158893032,1843.0,80.73647338413895,382.0,80.98778340204848
"BC -> SAC, kept checkpoint",2,1871644.852357037,2839519.3922758102,4839.372699593866,0.0,0,9700.0,84.97754985339863,8334.0,104.63639272111824,5866.0,80.70527800268336,2153.0,85.4817657967916,1466.0,80.7446268229335,267.0,81.08935284703858
"BC -> SAC, kept checkpoint",3,3251452.3613285213,3399082.051217556,233.88323664785275,252.13260639865985,2,10435.0,81.83765455085123,8921.0,107.94939225851293,10527.0,80.4898957817985,1777.0,85.93950489362976,2238.0,80.86605252539931,276.0,81.38528170361035
"BC -> SAC, kept checkpoint",4,2407200.1652349774,3060415.838189125,3266.0783647707394,0.0,0,8849.0,82.51579010805877,7674.0,108.25477250873779,7784.0,80.45385804536531,2383.0,83.8760776900965,2286.0,80.79922561361825,428.0,81.04845053681703
"BC -> SAC, kept checkpoint",5,1346127.0846088054,2609683.7837851048,6317.783495881497,0.0,0,7467.0,82.89530149134539,6769.0,106.41666613577529,7580.0,80.94015285176148,1742.0,83.13053335100584,1856.0,81.4513074606657,260.0,83.16636457810036
"BC -> SAC, kept checkpoint",6,2622134.0419888515,3135417.239615917,2200.765105400871,182.82544136722754,1,11008.0,85.26219396916933,7623.0,100.08515788941781,9096.0,82.2034914542576,2135.0,81.47217414418205,1706.0,80.91287509358082,253.0,81.97362072382991
"BC -> SAC, kept checkpoint",7,2414837.695817272,3030594.889116287,2923.974218362996,77.40587406604027,1,10055.0,84.96407129052028,7882.0,105.51234450627027,7136.0,80.7578590475524,2446.0,83.25321434953617,1726.0,80.73129907129537,338.0,81.24812794507608
"BC -> SAC, kept checkpoint",8,-662740.0185437277,1977514.6423768997,13201.273304603137,0.0,0,6410.0,84.94943434901988,5721.0,103.93202465536127,5198.0,86.8970725205184,1069.0,86.58716651075237,1038.0,84.11205427724731,105.0,85.59582700048175
"BC -> SAC, kept checkpoint",9,1456563.6998877877,2615706.747277975,5795.715236950937,0.0,0,9279.0,83.37126093494544,5844.0,102.31580218332095,7704.0,82.15472597091122,1858.0,82.14902486303266,1482.0,81.70331669400738,257.0,82.77153456721324
"BC -> SAC, kept checkpoint",10,829621.1719881475,2450589.79213953,8104.843100756913,0.0,0,7782.0,83.40800240609065,6041.0,106.96861208067334,7008.0,81.2935467635932,1768.0,82.95341115933738,1524.0,81.85900525001716,172.0,82.90047723886579
"BC -> SAC, kept checkpoint",11,2618081.870833115,3222100.098479986,2170.241178710602,424.9249797618759,2,9950.0,85.86169572894897,8187.0,107.61652841328613,7412.0,80.27801513559292,2620.0,85.59267352055048,2088.0,80.6671302334559,438.0,80.91896085978642
"BC -> SAC, kept checkpoint",12,2744203.3042366295,3206841.10940814,1107.4732120372973,602.857906910127,2,9862.0,84.1897544906048,7329.0,106.82400933439531,8308.0,80.37460387255288,2678.0,83.11229043304253,2187.0,80.79503493544496,523.0,81.1660082025692
"BC -> SAC, kept checkpoint",13,2926274.7912614886,3251143.2726454735,1292.9776535089168,165.68237670550297,2,9081.0,82.12850946015348,8891.0,107.65215911541837,10307.0,80.63003378730053,1669.0,85.12422330583763,2273.0,81.10234834892971,262.0,81.8183718928854
"BC -> SAC, kept checkpoint",14,1515008.1426033715,2745868.4331202507,6154.3014525843955,0.0,0,9919.0,85.24783904627694,7970.0,104.46001770639958,6052.0,80.85133363100684,1954.0,84.02163622628215,1242.0,80.91375421306745,199.0,82.22811646197908
"BC -> SAC, kept checkpoint",15,682592.6899550008,2422176.172801256,8697.917414231277,0.0,0,7018.0,84.6808257044194,6777.0,107.50363559977608,5914.0,80.7555367868415,1708.0,84.67801722276964,1681.0,81.8371844227863,231.0,82.75473900171585
"BC -> SAC, kept checkpoint",16,2741561.9776521707,3130715.0625157356,1425.3713090897872,260.1970576140193,2,9577.0,82.5312686669773,7235.0,107.13518358413812,7987.0,80.68785675135874,2651.0,82.58772881289151,2183.0,80.91868103888403,531.0,81.33398481232523
"BC -> SAC, kept checkpoint",17,2821586.7738138977,3285580.555957556,1989.902452796232,165.03322896102873,2,10648.0,86.0036375417824,8601.0,107.04969827442194,8081.0,80.60429159698916,2360.0,84.02968733442032,1972.0,80.68281280281094,341.0,81.01950170707143
"BC -> SAC, kept checkpoint",18,1735810.1078988542,2778750.389429331,5214.701407652383,0.0,0,8095.0,83.54864428763481,8324.0,106.3303970962634,6411.0,80.6170601090595,1900.0,85.08320241162652,1901.0,80.74452160221222,287.0,81.51809040262309
"BC -> SAC, kept checkpoint",19,2434676.64865283,3051036.0492658615,2626.9892943094264,227.40385437786608,2,9809.0,85.31649442328653,7938.0,106.21041005340743,6840.0,80.59322730264468,2475.0,84.43335239622328,1941.0,80.65327186795746,365.0,81.06808215624666
"BC -> SAC, kept checkpoint",20,2701162.386749461,3176133.2014131546,1869.544721830981,252.65467574374452,2,9692.0,84.47639611846792,7605.0,108.14665459661715,7619.0,80.30008910021174,2721.0,84.10426712745868,2150.0,80.67551560124686,488.0,80.96048113264021
"BC -> SAC, kept checkpoint",21,2797965.9204218485,3321885.3566873074,666.8002144868915,976.398483420202,1,11291.0,85.49588927628457,7021.0,99.85169731370236,10079.0,82.90945252855094,2346.0,81.99336081819462,2060.0,81.61805640725257,399.0,82.5972352858474
"BC -> SAC, kept checkpoint",22,-150885.08924319502,2087979.7242212296,11194.324067322123,0.0,0,6616.0,85.79489349345918,5532.0,107.69769998344061,5816.0,83.83748178140989,1222.0,85.86055997935918,1138.0,84.00206268776489,141.0,84.97951596341234
"BC -> SAC, kept checkpoint",23,2175988.8425792977,3075570.2974021435,3202.3870543653675,647.7601098744308,2,10182.0,86.2213162651373,8788.0,107.19079912020827,6428.0,80.58503964541488,2313.0,86.57153742271123,1692.0,80.57822055145922,265.0,81.15075121735627
"BC -> SAC, kept checkpoint",24,3111968.0780954403,3389373.306955099,418.36323689894743,484.33145369967315,2,10909.0,84.98731041951187,8157.0,105.46937888504843,9812.0,80.70493070376051,2342.0,83.47223445251393,2037.0,81.43025799012969,357.0,81.5363368166595
"BC -> SAC, kept checkpoint",25,2036758.029493271,2938528.3996140957,4508.851850604125,0.0,0,10158.0,85.88615264484652,8191.0,106.03660518601183,6150.0,80.7046863255462,2258.0,85.53313729243536,1490.0,80.69049454375401,306.0,81.14584456861408
"BC -> SAC, kept checkpoint",26,648981.3003161014,2374955.2688765526,8629.869842802256,0.0,0,4525.0,84.34395811808044,6803.0,108.00842313175602,7604.0,80.74724566240425,1298.0,84.73235412444834,2278.0,82.0439385991017,203.0,83.34667363777537
"BC -> SAC, kept checkpoint",27,2806068.8882945944,3360648.8469982147,1208.3088533978498,782.2954700601258,2,10775.0,85.69955144614465,8547.0,107.17854254354828,8661.0,80.26387529689188,2325.0,87.24392381842418,2020.0,80.69557700829931,389.0,80.82380139735793
"BC -> SAC, kept checkpoint",28,1024466.601912698,2531091.2169384956,7533.123075128988,0.0,0,8424.0,84.33527416794615,6367.0,105.82120064010009,6208.0,80.97185838621917,2015.0,83.41221968116002,1507.0,81.55747627215268,249.0,83.3313349547635
"BC -> SAC, kept checkpoint",29,2253885.318203023,2941142.8637850285,3436.2877279100267,0.0,0,9510.0,83.56503175723941,7250.0,105.93412670299925,7168.0,80.88566414263498,2456.0,82.21305723638798,1892.0,80.79673611084452,364.0,81.5596758369561
clone only,0,2406241.0526734903,3166788.0060744286,3802.734767004691,0.0,0,8846.0,90.71181063883287,7284.0,117.87401576509586,8276.0,82.61918431249663,2123.0,88.44892816390848,1954.0,85.30682077000304,461.0,81.75518756833355
clone only,1,2551465.008482267,3211301.799838543,3299.1839567813777,0.0,0,9636.0,94.77253549880336,7429.0,117.9848629116675,7319.0,81.02963889812996,2299.0,88.78357602648758,1867.0,82.97100576539697,453.0,81.28591317741024
clone only,2,1556592.5648723592,2790435.227549076,6169.213313383584,0.0,0,8364.0,92.1764978774993,6617.0,117.53724988933342,6365.0,80.28464823750558,2433.0,83.05084946613178,1534.0,80.21670602912853,335.0,80.0845205499165
clone only,3,3157147.014126679,3503981.051067114,1165.0332950579232,284.56844482212546,1,9710.0,86.23025140347367,9300.0,118.12602923557323,10170.0,82.277969761584,1691.0,90.60883806204387,1894.0,87.86278954906726,375.0,81.85150972048442
clone only,4,2153568.480797684,3065428.394392729,4559.299567975226,0.0,0,8180.0,86.93594339249478,7259.0,117.87974103962954,7855.0,81.65419650775927,2168.0,88.20782151279414,2118.0,85.23793606458688,468.0,80.96339915807431
clone only,5,1458130.633825928,2644562.667784691,5932.160169793815,0.0,0,7824.0,81.16885874184241,5556.0,117.16267395332788,7840.0,80.14076346675961,2065.0,80.33656350463701,1981.0,80.20857309284143,336.0,80.02156850837525
clone only,6,2768826.1511765453,3265694.612404108,2484.3423061378135,0.0,0,10016.0,98.86585518110769,5636.0,117.23084171161828,9752.0,80.94167224604443,2561.0,83.14750321765096,1849.0,80.7099904048243,420.0,80.19915816045943
clone only,7,2084138.3733436582,2979075.633237362,4474.686299468519,0.0,0,8631.0,93.66115661626507,6279.0,117.73744373094468,7251.0,80.73436726818181,2534.0,84.2456353468131,1926.0,80.6685123036336,450.0,80.23399622440338
clone only,8,-272089.39524867386,2085368.6321103573,11787.290136795156,0.0,0,6610.0,84.12247893489254,4253.0,116.3078456143057,6299.0,80.08586879930225,1554.0,80.13778380215398,1376.0,80.08629142285086,253.0,80.02000702699654
clone only,9,1239194.972950941,2618719.931857586,6897.624794533225,0.0,0,7510.0,94.80513399863212,4558.0,117.25631259862348,8010.0,81.53899113605085,2126.0,81.03157967300989,1733.0,80.40423231598137,399.0,80.13737487613707
clone only,10,1000626.8483741544,2523767.7089345455,7615.704302801955,0.0,0,7447.0,86.43988036750802,4906.0,117.1919208361672,7374.0,80.18850093486674,2135.0,80.31826792779516,1861.0,80.15315516990465,302.0,80.03013546103674
clone only,11,2798004.9383242014,3309881.128014326,2559.3809484506237,0.0,0,9478.0,94.42453211144723,7551.0,117.89710038135485,7297.0,81.17601041076966,2488.0,90.02413545822024,2008.0,84.31731934922625,595.0,81.66084435206501
clone only,12,2894270.4346401272,3287628.6629521847,1966.7911415602866,0.0,0,9215.0,93.91209449576607,7061.0,117.93925096421079,8362.0,83.35497033821285,2284.0,89.54999275048853,2047.0,85.66892142230613,539.0,82.03615829320918
clone only,13,3235503.730487329,3436911.8782162666,773.3172138708833,116.86176238690314,2,9700.0,80.77518645881378,8946.0,118.0267577831734,10465.0,83.94892331657373,1612.0,88.78825722202178,1953.0,87.41036213488073,375.0,81.17466324170431
clone only,14,1234274.5173229878,2708791.107584238,7372.582951306252,0.0,0,8221.0,93.94780047864117,6239.0,117.18622474300497,6502.0,80.29214594537241,2403.0,81.5873925124314,1439.0,80.13252532258474,252.0,80.0680349838166
clone only,15,869396.9957548638,2463162.54013896,7968.82772192048,0.0,0,7624.0,80.93779083517266,5540.0,116.78989301218454,6249.0,80.06290709901798,2120.0,80.24591765088856,1775.0,80.0978807476205,309.0,80.01460794877852
clone only,16,2544961.2442910112,3138547.9429876804,2967.933493483346,0.0,0,8539.0,90.54868565746013,6683.0,117.91633673062425,8186.0,83.01675504995039,2269.0,88.17489693373928,2080.0,85.01609545029126,589.0,81.45899354298369
clone only,17,2632695.2144193356,3299505.4578518867,3334.051217162755,0.0,0,9953.0,96.33729940213883,7297.0,118.0061092403828,8285.0,81.65983414865792,2320.0,87.14023548621556,1793.0,83.02808973287911,414.0,81.27905750044302
clone only,18,1554975.2798931599,2751174.38980937,5980.995549581051,0.0,0,8120.0,84.52202704710326,6763.0,117.88616936904482,6671.0,80.28794260347395,2036.0,84.87708795164329,1952.0,81.29599926535224,287.0,80.12940576682938
clone only,19,2284086.8296521623,3040451.8210041523,3781.8249567599496,0.0,0,8895.0,93.93337173177795,6572.0,117.6612936414674,7088.0,80.87542279091565,2501.0,86.35956427851757,1907.0,81.75343266068545,474.0,80.60571603885683
clone only,20,2693947.943629647,3244827.349358797,2754.3970286457497,0.0,0,9030.0,92.89436054229736,7266.0,117.97001333841108,7849.0,81.9648112089167,2344.0,89.51448143240535,1969.0,85.15447105472617,612.0,81.97012941042583
clone only,21,2766153.4763039993,3292194.100110531,2630.203119032657,0.0,0,9623.0,99.0212526895469,5356.0,117.93644450777408,9714.0,87.58727419504001,2477.0,84.72882529252183,1956.0,83.73737508290141,444.0,82.20344995593166
clone only,22,252327.21663515386,2209382.6285743713,9785.277059696087,0.0,0,6911.0,86.6814379836281,4535.0,116.83142435563833,6329.0,80.12389720286741,1722.0,80.19674895463228,1455.0,80.10133730341069,267.0,80.02504477786661
clone only,23,2267257.489206493,3046568.0665385723,3896.5528866603963,0.0,0,9270.0,94.20728912515548,7206.0,117.91906398020285,6714.0,80.4692475063161,2461.0,86.73783209061342,1688.0,81.2854520694057,339.0,80.55840492951835
clone only,24,3082366.892902594,3430094.0143489838,1738.6356072319486,0.0,0,10065.0,97.47797345759794,6832.0,117.83874410603728,9228.0,84.58435968281543,2395.0,86.44202046852271,1994.0,83.55185662193547,473.0,81.81632019752679
clone only,25,1829009.0854782185,2934457.0293986797,5527.239719602307,0.0,0,8848.0,94.6636943672708,6690.0,117.65949365483272,6629.0,80.35854124415063,2486.0,84.18049832456839,1646.0,80.34113685169312,391.0,80.14102215962032
clone only,26,812836.5237192374,2414247.0735883713,8007.052749345669,0.0,0,5124.0,80.16169101581454,5542.0,117.2972122457474,7684.0,80.39564477115916,1639.0,80.27464796669095,2435.0,80.66399106548552,332.0,80.02344539366572
clone only,27,3008490.089022144,3565767.9668962955,1470.871183143703,657.7591031135271,2,10639.0,95.51369115266263,8771.0,118.11701327416226,8602.0,81.24711459776712,2211.0,91.80994366585858,1767.0,86.27527191602516,415.0,83.39391299902675
clone only,28,993778.9490295476,2562206.9007503986,7842.139758604255,0.0,0,7424.0,90.71638500703305,5316.0,117.20656219911898,6460.0,80.26123996969348,2440.0,80.68591128167559,1685.0,80.1468436024663,347.0,80.04673737613886
clone only,29,1965291.6000794326,2916967.1677303314,4758.377838254494,0.0,0,8211.0,91.70663396531954,5986.0,117.59472112730519,7549.0,80.93364706717196,2514.0,83.09832403037694,2047.0,80.61273198332738,421.0,80.14805692674994
DAgger clone,0,3066444.9252536963,3308362.8679704666,1209.5897135838513,0.0,0,9810.0,85.2569807519971,7397.0,115.06495474979364,8419.0,80.00394546400837,2542.0,84.74016548985107,2455.0,80.14868788806581,512.0,80.04826872842386
DAgger clone,1,2738208.9404936195,3264002.485715151,2394.587373039368,117.19017653414448,2,9795.0,93.15664834073151,7660.0,115.31367349266695,7152.0,80.0028066218766,2666.0,86.31428019319006,2025.0,80.07091520274128,463.0,80.29903149244338
DAgger clone,2,2168154.014210259,2930358.499661684,3797.441816064432,6.790305596347025,1,9497.0,85.6708870308643,8027.0,106.87650624523873,6129.0,80.00228141081199,2797.0,80.2199043889194,1532.0,80.00007782218972,311.0,80.00000378709898
DAgger clone,3,3373596.058642935,3509397.781062126,71.6462485924585,303.6811817517482,2,10676.0,80.95749306797133,8623.0,116.6056004899651,10089.0,82.65268305364384,1901.0,87.02773528184343,2322.0,82.99849400429967,372.0,80.10583962163618
DAgger clone,4,2780184.2557886946,3183332.587506771,2014.1893319427018,0.7761633238405921,1,9189.0,80.26368640610515,7200.0,114.7450550024708,7824.0,80.00400916534211,2791.0,81.77445706010762,2590.0,80.58359810238179,499.0,80.01720234721839
DAgger clone,5,1832915.613215442,2713244.685755968,4401.64536270263,0.0,0,7839.0,80.0060127442673,8366.0,95.81316287213184,7368.0,80.00291606308194,1938.0,80.14096878630458,1921.0,80.06682431741285,320.0,80.00001215562224
DAgger clone,6,3087382.7741173627,3329423.717752695,1210.2047181766611,0.0,0,10246.0,98.56930277681714,7423.0,100.77117482093118,9813.0,80.01228703230902,2396.0,84.0176941063846,1777.0,80.0006735418778,414.0,80.00197603218797
DAgger clone,7,2515706.4700898733,3091254.6382057667,2494.330532378809,191.7051541003293,2,9567.0,87.44047192442164,7610.0,107.41298901173194,7267.0,80.00290081591886,2931.0,80.39500204990522,1858.0,80.0005866303254,364.0,80.0000318328103
DAgger clone,8,294755.4579085596,2196163.81344676,9507.041777691004,0.0,0,6911.0,80.00126446350804,7777.0,87.43527089291004,5898.0,80.00184038607861,1448.0,80.00001518189578,1319.0,80.00002784472329,203.0,80.00000162077654
DAgger clone,9,2109438.281863158,2757782.2572910786,3241.7198771396015,0.0,0,9600.0,80.38610153372089,7679.0,89.86259627860728,7683.0,80.00256235782916,2112.0,80.00023569855274,1611.0,80.00003736704348,357.0,80.00000295184907
DAgger clone,10,1552663.0002597473,2613584.1262328625,5304.605629865576,0.0,0,8107.0,80.01025387342958,8236.0,91.06691493129429,6966.0,80.002421168565,2025.0,80.00399850386161,1656.0,80.00024893649534,286.0,80.00000283017859
DAgger clone,11,2946283.3140513585,3343202.301391363,1730.9008451854952,126.84704575726391,2,9882.0,92.38891279255903,7432.0,116.04745277194597,7570.0,80.00284517000343,2556.0,88.17544247716059,2362.0,80.20532999676632,550.0,80.29455599351363
DAgger clone,12,3065385.3612317387,3403714.3688726425,372.7747828411739,659.4351276816724,2,9663.0,91.23131475549276,7072.0,115.34544605677483,8690.0,80.02679440629495,2588.0,86.339964850977,2560.0,80.25346118072048,637.0,80.16585932608864
DAgger clone,13,3248692.810893844,3420279.62659359,455.2915865309169,201.32124598390692,2,9682.0,80.11510949838114,8478.0,116.4927207501212,10251.0,83.45833538020719,1996.0,85.07398298603738,2201.0,84.41336179310385,376.0,80.00487166199278
DAgger clone,14,1979056.5419503683,2884808.0831706524,4528.75770610142,0.0,0,9948.0,85.67096540270725,8540.0,101.81287123336166,6202.0,80.0020719637451,2472.0,80.06846040969528,1334.0,80.00002907401975,240.0,80.00000396867593
DAgger clone,15,1364850.498077013,2579934.614789486,6075.420583562364,0.0,0,7505.0,80.00408976321059,8478.0,96.0315952467789,5939.0,80.00235344950529,2111.0,80.01167262633905,1760.0,80.00136194039474,295.0,80.00000408948478
DAgger clone,16,2957689.268756036,3262017.2853541374,715.90688611117,402.86659843966845,2,9388.0,84.41905701076624,6964.0,113.306162774152,8318.0,80.00537270005147,2655.0,84.3318796633776,2620.0,80.09856649164026,614.0,80.03452824653166
DAgger clone,17,2946454.5046507334,3369345.44695735,2114.4547115330806,0.0,0,9973.0,94.88870860819567,7727.0,114.47061755979017,8351.0,80.00401968171448,2559.0,85.36478851120097,2041.0,80.24700595081465,439.0,80.43056937719533
DAgger clone,18,2065011.2983353643,2872117.2077953815,3889.9691792593376,72.78018402037378,1,8704.0,80.05119241554948,8035.0,107.97674703553514,6563.0,80.00245529850064,2457.0,80.22954316608877,1871.0,80.07866622546597,370.0,80.00000749729774
DAgger clone,19,2438930.6733522606,3099693.9459085464,2509.008712729652,397.4038250258891,2,9227.0,90.26763445509079,7149.0,109.14813827627904,6883.0,80.00267587912805,3105.0,81.42761542870035,1934.0,80.00267299649141,503.0,80.00012804215281
DAgger clone,20,2938676.155196153,3320748.4313333035,1408.9353761943366,250.71300224570768,2,9733.0,90.05922603457753,7239.0,115.63952407910689,7716.0,80.00313592797552,2536.0,87.04258632537694,2468.0,80.08105813829015,637.0,80.0749198832729
DAgger clone,21,3247706.8099711337,3428805.3373277187,334.58965852691836,285.45148912800323,2,9697.0,96.25171957586898,6548.0,105.663894272171,9993.0,84.40832933827967,2829.0,81.77884909954118,2264.0,80.59700647217646,547.0,80.69763821919177
DAgger clone,22,835737.494321157,2298301.5436315536,7312.8202465519835,0.0,0,7298.0,80.00243374552586,7955.0,88.07973934988193,6016.0,80.00153947066754,1628.0,80.00003437298814,1298.0,80.00003019448238,268.0,80.00000481285267
DAgger clone,23,2218389.8743649903,3141150.439697504,3037.797946188225,788.002440237171,2,9693.0,91.56487861248308,7841.0,111.96629170206278,6523.0,80.00263212430008,2955.0,83.31335046448683,1731.0,80.00148379892231,352.0,80.00016152181409
DAgger clone,24,3357180.1788625014,3546263.617311716,318.19567974651,313.61075624978184,2,10280.0,95.8396176966016,7835.0,111.22717778942885,9723.0,82.44139907843878,2426.0,85.66077712834225,2185.0,81.18399355340604,483.0,81.15220408261933
DAgger clone,25,2287764.3461857745,3039012.4914336205,3651.7904446360917,52.22514080156907,1,9819.0,89.02194054564532,7969.0,108.14404388954415,6256.0,80.00252754849089,2873.0,80.78834174735762,1635.0,80.0001643199804,320.0,80.00001053139567
DAgger clone,26,1176154.7135067235,2501675.5587875843,6627.6042264043035,0.0,0,5031.0,80.00055013487719,7943.0,100.60801769194399,7287.0,80.00280158549519,1616.0,80.00108036295612,2407.0,80.09127386338393,304.0,80.00000796819988
DAgger clone,27,3188096.499062066,3500768.6528491974,872.4899271624818,345.43542088658796,2,10397.0,93.85857321097666,8114.0,116.7481905123504,8756.0,80.04021070969056,2155.0,90.6892398255607,2240.0,80.47899343978081,517.0,80.83665385237053
DAgger clone,28,1710028.3016327545,2690035.679872036,4900.036891196408,0.0,0,9024.0,80.09414313836618,8245.0,94.05466666244752,6133.0,80.00243336832118,2293.0,80.00225851174999,1600.0,80.00003712326289,326.0,80.00000550337364
DAgger clone,29,2456067.8687223955,3010040.5203950405,2590.902198717523,89.48052982285117,1,9556.0,83.00774197266061,7831.0,103.89285062696267,7200.0,80.00296606338686,2645.0,80.07784441378256,1888.0,80.00012006547492,423.0,80.00001487157023
DAgger -> SAC,0,2790975.927442197,3209434.8360443115,2092.294543010572,0.0,0,9515.0,86.78435957613458,7266.0,111.60992768130419,8406.0,80.55586721169333,2658.0,82.54552353809792,2209.0,80.94371173434692,409.0,80.80682868188052
DAgger -> SAC,1,2420134.9126037415,3202727.7448928356,2772.7496639200717,570.1072487626989,2,10574.0,89.40860810747935,8916.0,104.29675797367373,7061.0,80.67945242569647,2172.0,89.4016181017593,1816.0,81.26384270348738,295.0,83.86746820352845
DAgger -> SAC,2,1926399.7943945942,2853312.925106287,4634.565653558464,0.0,0,9811.0,84.48280691650953,8663.0,102.79013707265422,5993.0,80.54712705375077,2013.0,87.06132480888537,1442.0,80.87518517749484,276.0,81.53295751499093
DAgger -> SAC,3,3150962.443835129,3383018.4399831295,931.3519833749706,114.46399868251683,1,9556.0,85.84523996981481,8462.0,111.6535868396209,10445.0,82.23694899996369,1948.0,82.96944240035462,2242.0,81.33279256848327,291.0,81.28127516749798
DAgger -> SAC,4,2538577.186472155,3111544.431089163,2864.83622308504,0.0,0,8848.0,83.26660677642438,7497.0,110.30475316563495,7836.0,80.52591825243525,2585.0,82.8743024610228,2337.0,80.73949865107359,459.0,80.61663326354848
DAgger -> SAC,5,1546167.5512696602,2666638.202586174,5602.353256582569,0.0,0,6840.0,86.21725815116314,8249.0,96.8248404523274,7653.0,80.88471663367369,1565.0,84.21768712540404,1915.0,81.00896037403037,351.0,81.03288946667968
DAgger -> SAC,6,2904606.594593173,3321840.1620197296,1650.0566648284366,218.05558615217342,1,11003.0,97.3470786790528,8023.0,96.7646032730035,9549.0,81.36536605783327,2083.0,87.34936287868956,1675.0,81.67300240815575,231.0,86.47613123897867
DAgger -> SAC,7,2432342.286615326,3023454.441393614,2955.5607738914377,0.0,0,10049.0,85.67708893004479,8363.0,102.00462166008361,7061.0,80.48857049282913,2127.0,86.84516384840347,1796.0,80.63944507614276,330.0,82.82294325033824
DAgger -> SAC,8,-73416.76466969214,2127980.9599137306,11006.988622917113,0.0,0,5561.0,90.07763852105897,8222.0,86.47050016525452,6029.0,81.25428194884222,1114.0,85.6450989505333,1175.0,82.41934275525682,169.0,82.27605115027117
DAgger -> SAC,9,1778323.3451359551,2699242.341709137,4604.5949828659095,0.0,0,8985.0,84.48968574757966,7089.0,93.22282806709399,7669.0,80.70775625680537,1975.0,81.76880612252634,1585.0,81.81671597077643,321.0,80.94738375360721
DAgger -> SAC,10,1212451.6325504235,2556889.498375654,6722.189329126154,0.0,0,7125.0,86.24241171217801,8003.0,93.36579197319719,7088.0,80.67694829596084,1767.0,83.02223805998028,1633.0,81.01913225555887,269.0,80.98958735129204
DAgger -> SAC,11,2634967.5466968557,3351107.2315990925,2132.6533747922003,724.0225248594925,2,10376.0,90.41122156112766,8496.0,109.55022756536465,7410.0,80.77766208111355,2346.0,90.69966032631054,2161.0,81.37925552527477,421.0,84.25592924240367
DAgger -> SAC,12,3023178.349248569,3302831.590973139,1010.270326972659,193.9979408250947,2,9610.0,91.20444850743003,7242.0,111.43366053679871,8490.0,81.93737442740563,2613.0,85.6785290860783,2196.0,82.17548751711628,467.0,82.1093705507111
DAgger -> SAC,13,2950702.270130734,3255399.016377926,1450.2366999515725,36.623515642193524,1,8866.0,84.07400864713648,8265.0,111.66485983547989,10049.0,81.49111435370418,1786.0,83.51731073883052,2446.0,80.75584069004043,306.0,81.48493945209029
DAgger -> SAC,14,1582773.6443396076,2754761.7804038525,5859.940680321224,0.0,0,10038.0,85.01511811806306,8635.0,99.10900599444334,6173.0,80.63163416497271,1671.0,87.12148928699345,1272.0,81.08530224025624,205.0,81.94090109918176
DAgger -> SAC,15,835023.3771037671,2456352.98388958,8106.648033929063,0.0,0,6456.0,88.11955332423675,8589.0,94.9703240025403,5940.0,81.51975897225466,1514.0,85.3812776956722,1603.0,81.6948305177302,274.0,81.60283573352507
DAgger -> SAC,16,2846830.38107749,3148543.075517416,1508.5634721996303,0.0,0,8951.0,86.69285111607898,6853.0,110.70067358490117,8304.0,80.60063311919886,2765.0,82.34643079057524,2254.0,81.0657717981694,511.0,80.7539009394711
DAgger -> SAC,17,2878581.905847575,3324977.394350767,2193.22772203968,19.374860238140172,1,10817.0,91.34921600221982,8631.0,107.26385312814617,8144.0,80.72835530536817,2110.0,88.17958113706507,1901.0,80.97415541549033,292.0,84.04715937294372
DAgger -> SAC,18,1701314.3270843734,2755587.655901909,5271.366644087677,0.0,0,8257.0,83.7916315374297,8650.0,102.72350637306367,6364.0,80.67438172552288,1805.0,85.02940884917727,1731.0,81.20952644629124,303.0,81.01926552973958
DAgger -> SAC,19,2465726.960798409,3063613.5626125336,2670.0445356689506,159.69423670083597,2,9899.0,87.78344540803621,8019.0,104.67770461385604,6827.0,80.55828214250478,2322.0,87.4190042837235,1936.0,80.60880970302199,351.0,82.78458116740583
DAgger -> SAC,20,2766093.2934183218,3238491.576923132,2015.471161647958,173.26012793804694,1,9906.0,89.20693451807568,7331.0,111.82516233134994,7671.0,80.94017573292479,2586.0,86.48215896430536,2163.0,81.37089014384023,466.0,82.13814990203268
DAgger -> SAC,21,3082754.9617895237,3320139.661242962,995.7460195922722,95.58873883745946,1,10402.0,93.9841699518852,6954.0,101.48175101908315,10275.0,82.1025094738842,2085.0,86.16890489168875,1927.0,83.2302512532389,452.0,83.41830548986924
DAgger -> SAC,22,449689.3639447987,2228549.8188245296,8894.302274398655,0.0,0,6258.0,88.5226493835754,8137.0,88.31055555572759,6006.0,81.01402350993224,1318.0,84.15540931438278,1201.0,81.6348317997541,211.0,81.36072399491947
DAgger -> SAC,23,1970688.138578284,3074160.140631199,3395.9091333702972,1060.725438447138,2,10539.0,87.52449706469669,9387.0,101.21769322352858,6343.0,80.65746641189128,2089.0,89.12502418242327,1619.0,80.78989892774632,220.0,84.9039796428247
DAgger -> SAC,24,3194765.635894144,3464295.868074894,874.9193560439398,236.36590242990496,1,10813.0,94.0054709049441,7815.0,109.25479678945975,9775.0,81.88881505724719,2035.0,88.30479655160364,2043.0,82.3094342616161,391.0,83.38315151536555
DAgger -> SAC,25,2081189.4614012793,2938604.581415653,4287.075600071869,0.0,0,10466.0,86.27588844381326,9119.0,99.44303875652396,6249.0,80.59747321259634,1860.0,88.99008206141892,1489.0,80.74110640224151,215.0,83.21911984820699
DAgger -> SAC,26,683757.345000488,2362021.6761553288,8391.321655774203,0.0,0,4283.0,87.32324860598644,8363.0,96.22229497070363,7297.0,80.87085161010451,951.0,86.85923084099586,2253.0,80.47992918473373,268.0,81.27578031216095
DAgger -> SAC,27,2895257.3986801663,3455662.0725774765,1468.2222582838676,666.9005556013417,2,10769.0,91.93229922456588,8792.0,111.76081302927449,8450.0,80.98169678146317,2153.0,90.56531772190507,2013.0,82.68016591453457,296.0,85.4753718343941
DAgger -> SAC,28,1274893.2092822536,2597959.6332597733,6615.332119887598,0.0,0,8392.0,84.99425656049449,7908.0,96.24261554257099,6066.0,80.77721180614763,1948.0,83.64163872397656,1431.0,81.50940206565697,305.0,81.37587813862035
DAgger -> SAC,29,2250198.9397982615,2935911.6938734055,3428.5637703757193,0.0,0,9388.0,84.12551576729577,7629.0,102.53453704597972,7361.0,80.53263352578335,2298.0,83.59656095245384,1815.0,81.19551958525476,380.0,80.8378272903593
"SAC, shaped",0,2507733.9325993923,3170835.9357964993,2115.398514659979,600.0557506627774,1,9801.0,81.07338459877782,8943.0,99.96977074839693,8111.0,80.6596363659279,2641.0,82.24872033508471,2075.0,81.06084580076747,211.0,90.26140931093298
"SAC, shaped",1,1796238.6573192137,3199071.161288023,2915.137976624658,2049.512271609694,2,11310.0,81.21072028855325,8998.0,100.00109622904554,7045.0,80.69927479291825,2932.0,82.40955897072003,1726.0,80.95443103155974,183.0,90.23189492564384
"SAC, shaped",2,1835357.9493443428,2891704.2474138737,4127.888926714956,576.9212818163487,2,10435.0,81.15923843648825,9056.0,98.95917618587981,5876.0,80.74578833080945,2499.0,82.13198836205625,1415.0,80.90643097570845,131.0,88.32103069501979
"SAC, shaped",3,2541102.195047,3258302.523405552,1948.8729811153335,818.5643303387133,1,9690.0,82.28289086530822,10013.0,101.17373009286631,9189.0,80.67528549171088,1925.0,82.37026740730583,2177.0,81.05374791888288,137.0,88.97811474591276
"SAC, shaped",4,2145783.2398698004,3084700.622138977,3279.526229745353,707.5303408002655,1,8738.0,81.03335727663601,8970.0,99.70105383122379,7535.0,80.75464403162592,2644.0,82.18993082529839,2288.0,81.19519280960093,252.0,89.49324617783229
"SAC, shaped",5,1516787.376588078,2635011.906861067,5591.122651364944,0.0,0,7720.0,81.27736291721695,7980.0,97.36364488135604,7371.0,80.74060495762404,1824.0,82.07803056036171,1833.0,81.22546053296935,140.0,91.08710963385445
"SAC, shaped",6,1686038.570372938,3263452.079936266,2745.3254895214886,2570.8710291475763,1,13865.0,81.22384276537959,7159.0,99.85915698391014,9222.0,80.7624860329267,2280.0,82.32980805687737,1616.0,81.15846310511674,145.0,91.65993438095882
"SAC, shaped",7,1949655.1049511035,3075902.138774395,2965.314262910044,1332.9604531032073,2,11060.0,81.11878779061664,8594.0,99.12421948165706,6999.0,80.69478454922314,2678.0,82.147046583103,1693.0,81.16693811450425,177.0,89.00409146890802
"SAC, shaped",8,-67967.95511034364,2113236.0592770576,10906.020071937006,0.0,0,6688.0,81.76068721294546,6810.0,92.36581024181825,5952.0,80.94970717805849,1328.0,81.9989648685757,1264.0,81.46326135796836,121.0,87.79168849149026
"SAC, shaped",9,1658674.694363324,2653641.432195902,4974.83368916289,0.0,0,9645.0,81.3720482192922,6743.0,95.88979759379663,7588.0,80.8378904523759,1938.0,82.03918319430022,1537.0,81.31339868168281,150.0,90.85321685473124
"SAC, shaped",10,1097611.7383857518,2504019.694031477,7032.039778228625,0.0,0,7819.0,81.41204204335513,7314.0,96.07952544475339,6900.0,80.79418879159982,1869.0,82.16852956369256,1621.0,81.16608690583067,138.0,89.29219389307326
"SAC, shaped",11,2131718.7233619774,3164673.494259119,2614.552998568677,1275.110427958516,2,10467.0,81.11151552307375,8804.0,99.92981870626114,7301.0,80.69885790274577,2977.0,82.33790123506725,1805.0,81.07817798704322,237.0,89.70842384587863
"SAC, shaped",12,2429847.8704319037,3243193.0598008633,1059.7124444379242,1503.5067512034366,2,10671.0,81.02864679172195,8217.0,99.96094608968433,8655.0,80.69701421460549,2722.0,82.23935374304445,2117.0,80.9926860311091,254.0,89.35766851338815
"SAC, shaped",13,2391766.3499383503,3223561.3481104374,2129.5234178202663,1014.7257865200845,1,9141.0,82.3565022951403,9899.0,101.44780711870456,9017.0,80.66270496465287,1861.0,82.2517070861224,2410.0,81.24884075940398,154.0,89.63818411548417
"SAC, shaped",14,1759070.1591350408,2816450.328747034,4915.694144310611,185.60335187467717,1,10895.0,81.26180347459696,8601.0,98.09725681899134,6141.0,80.7151050048161,2161.0,82.05193476840226,1262.0,80.95969173968689,122.0,89.4160932693325
"SAC, shaped",15,1066625.3912309427,2505259.2748892307,7193.16941829144,0.0,0,7568.0,81.33949017849206,8228.0,96.63216392363398,5836.0,80.76184548136304,1980.0,82.11657011870182,1589.0,81.10151803966136,148.0,90.86530681397464
"SAC, shaped",16,2522997.2821811484,3125406.698038578,1563.5323378720113,724.257370707568,2,9527.0,81.04968989297076,8281.0,99.72158687843992,8084.0,80.73384266628716,2755.0,82.05329211870253,2121.0,81.20718641811696,290.0,89.89072760220232
"SAC, shaped",17,2272185.3082213216,3305312.6699376106,2208.067290876382,1478.784758852531,2,11843.0,81.06301001667785,8983.0,100.63594998209776,8134.0,80.66834853370798,2692.0,82.32826484215029,1770.0,81.1325916920678,203.0,89.73662421621125
"SAC, shaped",18,1619238.159559084,2846643.958733082,4688.302735368596,724.3631302506965,1,8416.0,81.14155705168334,9302.0,99.49290183148726,6298.0,80.74666736030548,2323.0,82.1992546497005,1832.0,81.0525438020323,191.0,88.75545047340593
"SAC, shaped",19,1870518.173898689,3035224.4640135765,3082.432639361122,1370.5494056066582,2,10539.0,81.14740667267128,8564.0,99.18828467727543,6588.0,80.71134325259371,2751.0,82.25028108787814,1774.0,81.0834588172605,219.0,89.21154845795131
"SAC, shaped",20,2220576.9280877444,3158320.3075420856,2308.31942490651,1190.1987361825977,2,10102.0,81.12071379520614,8685.0,100.03740228135214,7457.0,80.71398411421221,2938.0,82.20280701080254,1990.0,81.16101133284258,229.0,90.3716438566233
"SAC, shaped",21,2132311.294034953,3306626.756314039,1462.9915342113836,2204.292888592023,1,12800.0,81.14059362169355,7056.0,99.99121239413074,9773.0,80.79216753742438,2435.0,82.00194985469999,1914.0,81.23581823323588,228.0,91.50161106858337
"SAC, shaped",22,452048.8863689618,2217583.038185835,8827.670759084365,0.0,0,7265.0,81.61186090552717,7086.0,93.7484153594602,6022.0,80.89949585202919,1476.0,81.97184146015948,1216.0,81.21192089821163,126.0,89.17080908540696
"SAC, shaped",23,1500493.204356306,3105420.9665727615,3376.982630936539,2323.8280900728696,2,11336.0,81.11664605197473,9145.0,99.94704187796245,6444.0,80.63799315657695,2786.0,82.28127239722618,1601.0,81.11976898885533,127.0,89.28869016527192
"SAC, shaped",24,2368639.875349289,3357940.289596319,1263.8097635241502,1841.3461538555002,1,12597.0,81.05820938037522,8296.0,100.26922653703129,9271.0,80.69600579782592,2425.0,82.17485856764095,1860.0,81.0282564092708,210.0,90.33440481481098
"SAC, shaped",25,1840460.5016561202,2991273.8120913506,3989.0278470051435,882.5193525855047,2,11143.0,81.15567639348409,9048.0,99.49192876103281,6023.0,80.72158087671505,2504.0,82.23321148667473,1518.0,81.06176865430689,159.0,89.39120383382593
"SAC, shaped",26,1011111.6728463394,2453154.9468541145,7210.2163700388755,0.0,0,4923.0,81.26987663149325,8225.0,97.25093345250764,7307.0,80.74243715462973,1489.0,81.90739460004265,2286.0,81.13721316515722,179.0,89.96251126907391
"SAC, shaped",27,2248651.7884035455,3310723.4951090813,1750.822953807452,1779.7677898601141,2,10877.0,81.06492191298301,9295.0,100.73331731926568,8404.0,80.63115443404887,2896.0,82.59822364917117,1740.0,81.06436271091988,203.0,89.5353686457197
"SAC, shaped",28,1286062.5940512442,2578640.1308465004,6462.887683976282,0.0,0,8773.0,81.34313938257075,7596.0,96.29109183915858,6011.0,80.80860939800908,2187.0,82.1415660105506,1529.0,81.17013680615247,149.0,90.25413033146187
"SAC, shaped",29,2412467.885801278,2976619.3956434727,2676.8164468174846,71.97055119674405,1,10040.0,81.15414447981523,8248.0,98.85246130488777,7236.0,80.68655758684284,2518.0,82.0841076797299,1849.0,81.02997046925043,184.0,89.89919647574425
"DAgger -> SAC, shaped",0,2502736.386470609,3075038.6887919903,2861.5115116069073,0.0,0,8986.0,87.90581511503972,8415.0,99.19567318126975,8344.0,80.86700995010703,2532.0,81.21099744080367,1794.0,81.71238101512161,289.0,82.11603137448584
"DAgger -> SAC, shaped",1,2382202.0682933335,3093684.552361965,2890.9761270810104,333.218146631074,2,9750.0,89.0080577081289,8513.0,100.26029665055908,7145.0,80.86246686702512,2847.0,81.40729086961,1551.0,81.9331314154858,313.0,81.88292938680314
"DAgger -> SAC, shaped",2,1775631.0020097306,2806716.0255229473,5155.425117566084,0.0,0,8903.0,89.54380589684087,8488.0,99.8986774633843,6021.0,80.89038812763725,2387.0,82.11652274405452,1387.0,81.47669560804415,230.0,81.8636046388875
"DAgger -> SAC, shaped",3,3014909.450722103,3203861.117403507,944.7583334070205,0.0,0,9887.0,83.69791334278484,9722.0,94.11633232755196,10826.0,80.56165643701178,1700.0,80.89553077150794,1612.0,80.9867340880943,216.0,81.84311324799502
"DAgger -> SAC, shaped",4,2160546.325236602,2962224.8576509953,4008.392662071965,0.0,0,8145.0,86.72736803192973,8344.0,99.0770889721518,7867.0,80.77744758188217,2403.0,81.28361836652482,1979.0,81.32812052016429,328.0,82.42811344745682
"DAgger -> SAC, shaped",5,1440574.8384148702,2651403.452080488,6054.1430683280905,0.0,0,6450.0,89.71623675878658,7757.0,99.23262410347066,7421.0,81.36378473998434,1945.0,82.04179574468755,1874.0,81.55485559171393,302.0,82.09208505043131
"DAgger -> SAC, shaped",6,2809048.7232966544,3204758.9337563515,1978.5510522984841,0.0,0,9922.0,93.42046056789056,7566.0,99.70130920347133,9567.0,81.19213294556762,2573.0,80.6611345229425,1531.0,83.20764317767905,316.0,81.08848208113562
"DAgger -> SAC, shaped",7,2293272.774420734,2981521.706340313,3441.2446595978945,0.0,0,9129.0,89.85873587278537,8111.0,100.43569736571249,7183.0,81.02212857307207,2608.0,81.451643383119,1613.0,82.11390346011537,306.0,81.51872683584301
"DAgger -> SAC, shaped",8,-911866.6433260129,1910928.4846627712,14113.975639943921,0.0,0,5631.0,90.53280019353664,5205.0,107.75411787088048,6142.0,81.93342527458933,598.0,98.4387993752757,997.0,85.89534624409652,194.0,82.5341593727623
"DAgger -> SAC, shaped",9,1179123.194507837,2570018.81488204,6954.478101871015,0.0,0,7455.0,93.59710566794449,5780.0,102.19045411282345,7801.0,81.56980765888193,1882.0,82.86159965487774,1536.0,81.98916608700529,333.0,81.5853037920084
"DAgger -> SAC, shaped",10,818576.8346566556,2477392.0654392242,8294.076153912843,0.0,0,6549.0,91.84306215941406,6413.0,103.47603514156197,7020.0,81.67710917593747,1836.0,82.78595158607092,1652.0,81.705922178437,264.0,82.07114959304982
"DAgger -> SAC, shaped",11,2272751.7347770156,3113375.107102394,2723.734236902962,739.6913123619652,2,10079.0,85.76496972322393,8841.0,96.51840374825996,7301.0,80.64725294633689,2842.0,81.12606662792861,1607.0,82.22049849257382,334.0,81.28536037342278
"DAgger -> SAC, shaped",12,2749991.909077699,3189771.4883577824,1148.1910912199437,525.3534025902372,2,9335.0,88.30933559036663,8131.0,99.09369399122112,8666.0,80.89807555371775,2775.0,80.87876984965693,1826.0,81.79671191111582,453.0,81.68618650889029
"DAgger -> SAC, shaped",13,2675397.247826531,3155588.341305256,1515.6960444215347,442.62971148604447,2,9034.0,83.14048252077738,9667.0,94.63033156532086,11005.0,80.58197445091687,1498.0,81.95821506636483,1906.0,80.95001389134718,198.0,82.10928088486797
"DAgger -> SAC, shaped",14,1532866.535489743,2765782.5675714016,6164.580160408293,0.0,0,8922.0,90.64034343033033,8392.0,100.20915666529403,6223.0,81.14285065490641,2147.0,82.35678224603576,1261.0,81.62775030881048,210.0,82.0270029874075
"DAgger -> SAC, shaped",15,781625.3077259385,2450244.2044126987,8343.0944834338,0.0,0,6467.0,88.31852137406496,7601.0,100.46239658070778,5828.0,81.4264736710629,2015.0,82.45598846866238,1545.0,81.50555416526917,228.0,82.99761085133804
"DAgger -> SAC, shaped",16,2548984.007172206,3026932.201999426,2307.2682032050925,41.23638546550319,1,8485.0,88.25159211613953,7733.0,99.06667938381028,8209.0,80.92987953476587,2670.0,81.08942663580291,1944.0,81.64770749922643,396.0,81.83300094773071
"DAgger -> SAC, shaped",17,2588196.8365643416,3227947.555375099,2590.900631993687,303.9264810300501,1,9889.0,89.64549827206808,9076.0,100.20935780298558,8091.0,80.95314919248733,2733.0,81.18649253250258,1536.0,82.56584082885335,325.0,81.58310791529142
"DAgger -> SAC, shaped",18,1519628.9393487908,2689862.055709362,5851.165581802857,0.0,0,7529.0,87.67169320879427,8336.0,99.21745898398694,6558.0,80.98270900149868,2105.0,81.59607384097265,1659.0,81.37273377794469,234.0,82.77255309443188
"DAgger -> SAC, shaped",19,2246107.554156557,2950605.900505781,3384.6504298606396,68.9206509427404,1,8882.0,90.26120356935232,7907.0,99.89958091030626,6731.0,80.98207642057643,2830.0,81.75001450857089,1617.0,81.83305079802807,353.0,81.73406927173603
"DAgger -> SAC, shaped",20,2469609.038652561,3085528.7530732155,2351.3310023803515,364.1337848614603,1,9533.0,86.27961650733043,8600.0,96.90500533982765,7710.0,80.73696580254769,2653.0,80.99790726074667,1717.0,82.03739172091787,391.0,81.55909424852533
"DAgger -> SAC, shaped",21,3230512.068760576,3352691.337969303,191.22119530473537,209.83757536944904,2,9600.0,93.33587099698683,7435.0,99.6584873912955,10559.0,81.15343643449587,2717.0,80.74612152501858,1843.0,83.5013556163465,462.0,80.98597847280048
"DAgger -> SAC, shaped",22,-159580.50888662785,2111237.3147928715,11354.089118397496,0.0,0,5702.0,94.2943065683284,5523.0,107.66967637025638,6298.0,81.76488290593223,1207.0,88.0350479352741,1208.0,82.84602378871267,208.0,82.18545579566405
"DAgger -> SAC, shaped",23,2095063.9365830244,2985322.7032268047,3545.855608543121,452.7191123378907,1,9454.0,88.55747422406354,8867.0,101.3857584959815,6540.0,80.84042767865942,2621.0,81.63517047411975,1398.0,82.20808022864728,255.0,81.87067760205737
"DAgger -> SAC, shaped",24,3119283.424290029,3359415.0664055347,578.0272779665775,311.31546630547564,1,9954.0,90.37617925493885,8681.0,99.31404027627396,9927.0,81.00887793746253,2596.0,80.7470104350882,1687.0,82.81390368549796,388.0,81.4756649179557
"DAgger -> SAC, shaped",25,1930220.5953076272,2897361.406544447,4835.704056184099,0.0,0,9284.0,90.13802926276378,8546.0,100.37036103176172,6230.0,80.92190587176175,2528.0,82.02142236306321,1340.0,81.63072092497526,265.0,81.93801303629606
"DAgger -> SAC, shaped",26,763961.8475687255,2403864.689794779,8199.514211130267,0.0,0,4245.0,88.20525803554746,7495.0,100.9027689279438,7391.0,81.83663900868525,1460.0,82.54024859568844,2261.0,81.65976210855267,234.0,82.66317272288168
"DAgger -> SAC, shaped",27,2347448.828571388,3243872.3379051685,1956.229286480474,1262.9441300942144,2,10792.0,85.41007643688422,9200.0,96.86346427007862,8437.0,80.60769736872786,2759.0,81.65387258489912,1402.0,81.78693753846532,291.0,81.32776315269601
"DAgger -> SAC, shaped",28,1194390.0609218616,2602466.6140949726,7040.3827658655555,0.0,0,7450.0,89.76074549479773,7336.0,99.62574426698191,6182.0,81.35441348491769,2303.0,82.19230001613569,1528.0,81.60387425132447,291.0,82.47702458879792
"DAgger -> SAC, shaped",29,2146739.980161982,2927374.5055043697,3903.1726267119384,0.0,0,8140.0,90.94804296139124,7922.0,99.73066137644174,7487.0,81.08925618666171,2549.0,81.44670390484146,1738.0,81.86548408348075,367.0,81.8312044721858
